ST,STATE,ST_ABBR,STCNTY,COUNTY,FIPS,LOCATION,RPL_THEMES,AREA_SQMI,E_TOTPOP,M_TOTPOP,E_HU,M_HU,E_HH,M_HH,E_POV150,M_POV150,E_UNEMP,M_UNEMP,E_HBURD,M_HBURD,E_NOHSDP,M_NOHSDP,E_UNINSUR,M_UNINSUR,EP_POV150,MP_POV150,EP_UNEMP,MP_UNEMP,EP_HBURD,MP_HBURD,EP_NOHSDP,MP_NOHSDP,EP_UNINSUR,MP_UNINSUR,EPL_POV150,EPL_UNEMP,EPL_HBURD,EPL_NOHSDP,EPL_UNINSUR,SPL_THEME1,RPL_THEME1,E_AGE65,M_AGE65,E_AGE17,M_AGE17,E_DISABL,M_DISABL,E_SNGPNT,M_SNGPNT,E_LIMENG,M_LIMENG,EP_AGE65,MP_AGE65,EP_AGE17,MP_AGE17,EP_DISABL,MP_DISABL,EP_SNGPNT,MP_SNGPNT,EP_LIMENG,MP_LIMENG,EPL_AGE65,EPL_AGE17,EPL_DISABL,EPL_SNGPNT,EPL_LIMENG,SPL_THEME2,RPL_THEME2,E_MINRTY,M_MINRTY,EP_MINRTY,MP_MINRTY,EPL_MINRTY,SPL_THEME3,RPL_THEME3,E_MUNIT,M_MUNIT,E_MOBILE,M_MOBILE,E_CROWD,M_CROWD,E_NOVEH,M_NOVEH,E_GROUPQ,M_GROUPQ,EP_MUNIT,MP_MUNIT,EP_MOBILE,MP_MOBILE,EP_CROWD,MP_CROWD,EP_NOVEH,MP_NOVEH,EP_GROUPQ,MP_GROUPQ,EPL_MUNIT,EPL_MOBILE,EPL_CROWD,EPL_NOVEH,EPL_GROUPQ,SPL_THEME4,RPL_THEME4,SPL_THEMES,E_DAYPOP,E_NOINT,M_NOINT,E_AFAM,M_AFAM,E_HISP,M_HISP,E_ASIAN,M_ASIAN,E_AIAN,M_AIAN,E_NHPI,M_NHPI,E_TWOMORE,M_TWOMORE,E_OTHERRACE,M_OTHERRACE,EP_NOINT,MP_NOINT,EP_AFAM,MP_AFAM,EP_HISP,MP_HISP,EP_ASIAN,MP_ASIAN,EP_AIAN,MP_AIAN,EP_NHPI,MP_NHPI,EP_TWOMORE,MP_TWOMORE,EP_OTHERRACE,MP_OTHERRACE,F_POV150,F_UNEMP,F_HBURD,F_NOHSDP,F_UNINSUR,F_THEME1,F_AGE65,F_AGE17,F_DISABL,F_SNGPNT,F_THEME2,F_MINRTY,F_LIMENG,F_THEME3,F_MUNIT,F_MOBILE,F_CROWD,F_NOVEH,F_GROUPQ,F_THEME4,F_TOTAL
39,Ohio,OH,39001,Adams,39001,"Adams County, Ohio",0.8966,583.8716552,27685,0,12940,63,10396,372,9087,882,735,215,2702,369,3310,443,2322,487,33.3,3.2,6.6,2,26,3.4,17.5,2.3,8.5,1.8,0.977,0.908,0.2299,0.977,0.8621,3.954,0.9885,4956,110,6630,57,5833,427,816,220,25,92,17.9,0.4,23.9,0.2,21.3,1.6,7.8,2.1,0.1,0.4,0.4138,0.8621,0.931,0.931,0.0345,3.1724,0.9425,1049,208,3.8,0.8,0.0575,0.0575,0.0575,80,42,2968,357,197,92,910,213,374,144,0.6,0.3,22.9,2.7,1.9,0.9,8.8,2,1.4,0.5,0,0.954,0.7931,0.8391,0.3563,2.9425,0.7356,10.1264,21997,6514,869,107,72,288,0,97,117,7,13,0,23,550,153,0,0,23.9,0.1,0.4,0.3,1,0,0.4,0.4,0,0.1,0,0.1,2,0.6,0,0.1,1,1,0,1,0,3,0,0,1,1,2,0,0,0,0,1,0,0,0,1,6
39,Ohio,OH,39003,Allen,39003,"Allen County, Ohio",0.8851,402.5450761,102808,0,45126,154,41025,495,22183,1458,2848,429,9554,668,6522,528,6583,832,22.5,1.5,5.6,0.8,23.3,1.6,9.4,0.8,6.6,0.8,0.5632,0.7011,0.7241,0.4138,0.6897,3.0919,0.7126,18159,124,23764,0,16773,854,3729,473,465,182,17.7,0.1,23.1,0,16.7,0.8,9.1,1.1,0.5,0.2,0.3563,0.6667,0.6667,1,0.5172,3.2069,0.9655,20505,765,19.9,0.7,0.8966,0.8966,0.8966,2624,349,1888,430,381,118,3439,460,3990,348,5.8,0.8,4.2,1,0.9,0.3,8.4,1.1,3.9,0.3,0.7471,0.2989,0.2184,0.8161,0.8046,2.8851,0.7011,10.0805,112034,11732,1136,11623,530,3403,0,851,118,107,90,0,29,4327,516,194,194,11.9,0,11.3,0.5,3.3,0,0.8,0.1,0.1,0.1,0,0.1,4.2,0.5,0.2,0.1,0,0,0,0,0,0,0,0,0,1,1,0,0,0,0,0,0,0,0,0,1
39,Ohio,OH,39005,Ashland,39005,"Ashland County, Ohio",0.5632,422.9866472,53533,0,22361,134,20504,274,11005,1190,1014,291,3980,438,3532,411,4202,849,21.5,2.3,3.8,1.1,19.4,2.1,9.9,1.1,7.9,1.6,0.4943,0.2069,0.4483,0.5402,0.8046,2.4943,0.4483,9954,79,12009,114,7261,581,961,219,407,264,18.6,0.1,22.4,0.2,13.7,1.1,4.7,1.1,0.8,0.5,0.5862,0.4713,0.2874,0.1724,0.8161,2.3334,0.3908,2523,235,4.7,0.4,0.1609,0.1609,0.1609,908,187,1225,201,392,147,1421,261,2249,295,4.1,0.8,5.5,0.9,1.9,0.7,6.9,1.3,4.2,0.6,0.5862,0.4368,0.7931,0.5862,0.8161,3.2184,0.8621,8.207,47852,7248,1024,453,117,768,0,353,68,16,17,0,29,869,178,64,64,14.1,0.1,0.8,0.2,1.4,0,0.7,0.1,0,0.1,0,0.1,1.6,0.3,0.1,0.1,0,0,0,0,0,0,0,0,0,0,0,0,0,0,0,0,0,0,0,0,0
39,Ohio,OH,39007,Ashtabula,39007,"Ashtabula County, Ohio",1,702.0666543,97416,0,46224,144,38614,562,30387,1724,3141,389,10175,756,9490,762,9063,1743,32.3,1.8,7.2,0.9,26.4,1.9,13.9,1.1,9.6,1.8,0.9425,0.954,0.7356,0.8506,0.8966,4.3793,1,18686,150,21516,66,15499,842,2335,346,679,304,19.2,0.2,22.1,0.1,16.4,0.9,6,0.9,0.7,0.3,0.7126,0.3793,0.6322,0.5977,0.7471,3.0689,0.908,10634,543,10.9,0.6,0.6667,0.6667,0.6667,2405,359,3670,385,745,200,3626,429,3451,320,5.2,0.8,7.9,0.8,1.9,0.5,9.4,1.1,3.5,0.3,0.6782,0.6437,0.7931,0.8966,0.7471,3.7587,0.977,11.8736,85293,17321,1947,3387,348,4269,0,453,81,102,63,8,10,2296,366,119,119,18.4,0.1,3.5,0.4,4.4,0,0.5,0.1,0.1,0.1,0,0.1,2.4,0.4,0.1,0.2,1,1,0,0,0,2,0,0,0,0,0,0,0,0,0,0,0,0,0,0,2
39,Ohio,OH,39009,Athens,39009,"Athens County, Ohio",0.7701,503.6437963,65945,0,26686,265,22539,459,21112,1321,1791,285,6856,584,3588,418,3991,535,37.4,2.3,5.8,0.9,30.4,2.5,9.6,1.1,6.1,0.8,1,0.7701,0.6322,0.4713,0.5862,3.4598,0.8161,8514,92,9575,58,10821,937,975,208,279,217,12.9,0.1,14.5,0.1,16.6,1.4,4.3,0.9,0.4,0.3,0.023,0,0.6437,0.1034,0.3448,1.1149,0.0115,6870,450,10.4,0.7,0.6092,0.6092,0.6092,2536,289,4013,480,366,141,1625,269,9531,635,9.5,1.1,15,1.8,1.6,0.6,7.2,1.2,14.5,1,0.8966,0.8391,0.6667,0.6667,0.9885,4.0576,1,9.2415,68123,9234,1438,1842,118,1280,0,1593,260,163,92,32,34,1910,302,50,50,16.4,0.2,2.8,0.2,1.9,0,2.4,0.4,0.2,0.1,0,0.1,2.9,0.5,0.1,0.1,1,0,0,0,0,1,0,0,0,0,0,0,0,0,0,0,0,0,1,1,2
39,Ohio,OH,39011,Auglaize,39011,"Auglaize County, Ohio",0.046,401.3878616,45709,0,20020,95,19000,251,5945,650,790,207,3074,352,2130,293,1645,285,13.2,1.4,3.3,0.9,16.2,1.8,6.9,0.9,3.6,0.6,0.069,0.1149,0.3333,0.1034,0.0115,0.6321,0.046,8346,62,11024,0,5269,435,1052,216,93,109,18.3,0.1,24.1,0,11.7,1,5.5,1.1,0.2,0.3,0.5172,0.8966,0.1034,0.4368,0.1149,2.0689,0.2069,2201,277,4.8,0.6,0.1724,0.1724,0.1724,644,178,844,225,249,88,862,187,551,113,3.2,0.9,4.2,1.1,1.3,0.5,4.5,1,1.2,0.2,0.4138,0.2989,0.4483,0.1839,0.2299,1.5748,0.1264,4.4482,43259,4045,480,347,82,792,0,127,57,30,29,2,4,750,233,153,153,9,0,0.8,0.2,1.7,0,0.3,0.1,0.1,0.1,0,0.1,1.6,0.5,0.3,0.2,0,0,0,0,0,0,0,0,0,0,0,0,0,0,0,0,0,0,0,0,0
39,Ohio,OH,39013,Belmont,39013,"Belmont County, Ohio",0.4023,532.1263826,67424,0,32202,119,25772,559,12960,985,1720,290,4219,442,4477,432,3769,522,20.5,1.6,5.6,1,16.4,1.7,9,0.9,5.9,0.8,0.4368,0.7011,0.4943,0.4023,0.5402,2.5747,0.4943,14007,116,12700,23,10152,744,1281,252,109,116,20.8,0.2,18.8,0,16,1.2,5,1,0.2,0.2,0.8736,0.046,0.5862,0.2529,0.1149,1.8736,0.092,4990,373,7.4,0.6,0.4483,0.4483,0.4483,1255,224,2570,432,132,64,1649,252,4063,275,3.9,0.7,8,1.3,0.5,0.2,6.4,1,6,0.4,0.5517,0.6552,0.0115,0.4828,0.908,2.6092,0.5402,7.5058,60323,11198,1097,2332,232,702,0,378,77,102,83,14,23,1441,261,21,21,17.7,0.1,3.5,0.3,1,0,0.6,0.1,0.2,0.1,0,0.1,2.1,0.4,0,0.1,0,0,0,0,0,0,0,0,0,0,0,0,0,0,0,0,0,0,1,1,1
39,Ohio,OH,39015,Brown,39015,"Brown County, Ohio",0.4943,489.5432741,43508,62,20338,103,17811,402,10949,1232,881,185,4073,453,3712,458,2746,599,25.6,2.9,4.4,0.9,22.9,2.5,12.2,1.5,6.4,1.4,0.7356,0.3218,0.4598,0.7471,0.6552,2.9195,0.6552,8033,98,9923,68,7338,561,1031,244,62,105,18.5,0.2,22.8,0.2,17.1,1.3,5.8,1.4,0.2,0.3,0.5632,0.5517,0.7586,0.5517,0.1149,2.5401,0.5977,1656,149,3.8,0.3,0.0575,0.0575,0.0575,368,108,3113,341,274,123,1098,261,614,190,1.8,0.5,15.3,1.7,1.5,0.7,6.2,1.4,1.4,0.4,0.1379,0.8506,0.5747,0.4483,0.3563,2.3678,0.4368,7.8849,33105,6861,881,356,72,480,3,97,56,20,34,0,26,692,112,11,11,16,0.1,0.8,0.2,1.1,0.1,0.2,0.1,0,0.1,0,0.1,1.6,0.3,0,0.1,0,0,0,0,0,0,0,0,0,0,0,0,0,0,0,0,0,0,0,0,0
39,Ohio,OH,39017,Butler,39017,"Butler County, Ohio",0.6437,466.5234636,382129,0,152589,236,140736,964,69016,3134,9603,1123,32948,1476,20673,1052,21039,1535,18.7,0.8,4.9,0.6,23.4,1,8.4,0.4,5.6,0.4,0.3218,0.5172,0.9195,0.3218,0.4368,2.5171,0.4713,56487,60,89687,94,45110,1768,9074,809,5111,703,14.8,0.1,23.5,0,11.9,0.5,6.4,0.6,1.4,0.2,0.069,0.7701,0.1149,0.7126,0.954,2.6206,0.6322,76876,1841,20.1,0.5,0.908,0.908,0.908,13682,912,3884,512,2116,330,7097,621,11527,603,9,0.6,2.5,0.3,1.5,0.2,5,0.4,3,0.2,0.8736,0.1839,0.5747,0.3103,0.6897,2.6322,0.5632,8.6779,370358,29185,2233,29140,962,18478,0,13079,561,291,160,64,98,14738,1354,1086,1086,7.9,0,7.6,0.3,4.8,0,3.4,0.1,0.1,0.1,0,0.1,3.9,0.4,0.3,0.1,0,0,1,0,0,1,0,0,0,0,1,1,1,1,0,0,0,0,0,0,3
39,Ohio,OH,39019,Carroll,39019,"Carroll County, Ohio",0.4138,394.6120394,27195,0,13627,77,11286,298,5616,808,461,151,1987,301,2174,376,3001,578,21,3,3.7,1.2,17.6,2.6,11.1,1.9,11.2,2.1,0.4483,0.1609,0.1149,0.6667,0.9655,2.3563,0.4138,5782,100,5592,159,4506,437,481,141,171,134,21.3,0.4,20.6,0.6,16.7,1.6,4.3,1.2,0.7,0.5,0.908,0.1609,0.6667,0.1034,0.7471,2.5861,0.6092,1123,273,4.1,1,0.1034,0.1034,0.1034,115,71,1777,280,177,100,868,242,454,179,0.8,0.5,13,2.1,1.6,0.9,7.7,2.2,1.7,0.7,0.0115,0.7816,0.6667,0.7586,0.4023,2.6207,0.5517,7.6665,19699,5288,750,275,167,360,0,25,41,0,23,0,23,463,210,0,0,19.8,0.1,1,0.6,1.3,0,0.1,0.1,0,0.1,0,0.1,1.7,0.8,0,0.1,0,0,0,0,1,1,1,0,0,0,1,0,0,0,0,0,0,0,0,0,2
39,Ohio,OH,39021,Champaign,39021,"Champaign County, Ohio",0.2529,428.9892596,38861,0,16824,76,15407,254,6796,846,1115,235,2942,386,2377,324,1769,297,17.9,2.2,5.8,1.2,19.1,2.5,8.8,1.2,4.6,0.8,0.2759,0.7701,0.2874,0.3678,0.1379,1.8391,0.2874,7156,72,8670,45,6211,437,860,203,35,96,18.4,0.2,22.3,0.1,16.2,1.1,5.6,1.3,0.1,0.3,0.5402,0.4253,0.6207,0.4828,0.0345,2.1035,0.2184,2840,345,7.3,0.9,0.4368,0.4368,0.4368,412,106,1227,265,197,81,778,173,816,166,2.4,0.6,7.3,1.6,1.3,0.5,5,1.1,2.1,0.4,0.2874,0.6092,0.4483,0.3103,0.5172,2.1724,0.2989,6.5518,31216,3563,544,702,136,613,0,155,91,111,96,6,10,1155,260,98,98,9.4,0,1.8,0.4,1.6,0,0.4,0.2,0.3,0.2,0,0.1,3,0.7,0.3,0.3,0,0,0,0,0,0,0,0,0,0,0,0,0,0,0,0,0,0,0,0,0
39,Ohio,OH,39023,Clark,39023,"Clark County, Ohio",0.9885,396.8771416,134409,0,61283,160,54862,627,33843,1687,4370,530,13384,720,10190,655,8711,1098,25.9,1.3,6.8,0.8,24.4,1.3,11.1,0.7,6.6,0.8,0.7586,0.9195,0.8046,0.6667,0.6897,3.8391,0.9425,26076,98,30212,0,22104,894,4127,507,894,278,19.4,0.1,22.5,0,16.7,0.7,7.5,0.9,0.7,0.2,0.7471,0.5057,0.6667,0.908,0.7471,3.5746,1,21851,621,16.3,0.5,0.8621,0.8621,0.8621,3456,361,2344,277,808,210,4153,492,3122,379,5.6,0.6,3.8,0.5,1.5,0.4,7.6,0.9,2.3,0.3,0.7356,0.2414,0.5747,0.7241,0.5747,2.8505,0.6437,11.1263,124328,13168,1156,11088,380,4757,0,694,163,143,104,16,23,5022,431,131,131,10,0,8.2,0.3,3.5,0,0.5,0.1,0.1,0.1,0,0.1,3.7,0.3,0.1,0.1,0,1,0,0,0,1,0,0,0,1,1,0,0,0,0,0,0,0,0,0,2
39,Ohio,OH,39025,Clermont,39025,"Clermont County, Ohio",0.2184,452.5599678,205616,62,83638,140,79347,550,34296,2414,4549,516,17690,1109,14582,1153,11103,1238,16.9,1.2,4.2,0.5,22.3,1.4,10.2,0.8,5.4,0.6,0.1839,0.2759,0.8621,0.5977,0.3103,2.2299,0.3793,33587,222,47361,21,28882,1200,3901,508,333,157,16.3,0.1,23,0,14.1,0.6,4.9,0.6,0.2,0.1,0.1609,0.6092,0.3448,0.2299,0.1149,1.4597,0.0575,14511,813,7.1,0.4,0.4138,0.4138,0.4138,9519,744,4604,531,1197,295,3887,469,1863,338,11.4,0.9,5.5,0.6,1.5,0.4,4.9,0.6,0.9,0.2,0.9425,0.4368,0.5747,0.2874,0.046,2.2874,0.3908,6.3908,164633,19221,1656,2494,375,4154,2,2789,264,177,97,42,46,4280,466,575,575,9.4,0,1.2,0.2,2,0.1,1.4,0.1,0.1,0.1,0,0.1,2.1,0.2,0.3,0.2,0,0,0,0,0,0,0,0,0,0,0,0,0,0,1,0,0,0,0,1,1
39,Ohio,OH,39027,Clinton,39027,"Clinton County, Ohio",0.6552,408.7312436,42000,0,18205,115,16741,320,9952,1012,1167,334,3725,365,2810,366,2273,376,24.5,2.5,5.6,1.6,22.3,2.1,9.9,1.3,5.5,0.9,0.6552,0.7011,0.4023,0.5402,0.3678,2.6666,0.5172,7113,73,9706,10,6999,566,1147,244,169,128,16.9,0.2,23.1,0,16.8,1.4,6.9,1.5,0.4,0.3,0.2184,0.6667,0.7011,0.8161,0.3448,2.7471,0.7471,2887,327,6.9,0.8,0.3793,0.3793,0.3793,809,201,1182,194,287,101,868,184,1258,269,4.4,1.1,6.5,1.1,1.7,0.6,5.2,1.1,3,0.6,0.6207,0.5632,0.7126,0.3333,0.6897,2.9195,0.7241,8.7125,45537,4645,629,792,226,708,0,262,45,3,8,8,14,1076,226,38,38,11.4,0.1,1.9,0.5,1.7,0,0.6,0.1,0,0.1,0,0.1,2.6,0.5,0.1,0.1,0,0,0,0,0,0,0,0,0,0,0,0,0,0,0,0,0,0,0,0,0
39,Ohio,OH,39029,Columbiana,39029,"Columbiana County, Ohio",0.8046,531.916691,102514,0,46800,203,41632,529,22752,1642,2901,401,8500,735,7946,696,6344,975,23.1,1.7,6,0.8,20.4,1.7,10.8,0.9,6.4,1,0.5977,0.8391,0.6897,0.6437,0.6552,3.4254,0.7931,20808,96,20819,61,16385,1123,2309,366,283,194,20.3,0.1,20.3,0.1,16.6,1.1,5.5,0.9,0.3,0.2,0.8391,0.1034,0.6437,0.4368,0.2759,2.2989,0.3678,6729,348,6.6,0.3,0.3563,0.3563,0.3563,1631,275,3975,469,701,283,2924,437,3938,447,3.5,0.6,8.5,1,1.7,0.7,7,1,3.8,0.4,0.5057,0.6782,0.7126,0.6207,0.7931,3.3103,0.9195,9.3909,87552,14979,1494,2196,184,1923,0,228,68,72,52,9,15,2272,276,29,29,15.2,0.1,2.1,0.2,1.9,0,0.2,0.1,0.1,0.1,0,0.1,2.2,0.3,0,0.1,0,0,0,0,0,0,0,0,0,0,0,0,0,0,0,0,0,0,0,0,0
39,Ohio,OH,39031,Coshocton,39031,"Coshocton County, Ohio",0.8736,563.9876633,36558,0,16441,49,14579,278,10156,1135,1022,292,3016,410,3662,441,3852,734,28.2,3.2,6.1,1.8,20.7,2.8,14.4,1.7,10.7,2,0.8736,0.8621,0.3218,0.8966,0.954,3.9081,0.9655,7040,76,8565,65,5725,510,865,195,139,108,19.3,0.2,23.4,0.2,15.8,1.4,5.9,1.3,0.4,0.3,0.7241,0.7471,0.5287,0.5862,0.3448,2.9309,0.8736,1546,171,4.2,0.5,0.1264,0.1264,0.1264,305,108,2345,263,305,103,1391,224,456,100,1.9,0.7,14.3,1.6,2.1,0.7,9.5,1.5,1.2,0.3,0.1609,0.8276,0.9195,0.9195,0.2299,3.0574,0.8161,10.0228,32185,7962,963,447,87,410,0,121,49,67,34,0,26,482,117,19,19,22.1,0.1,1.2,0.2,1.1,0,0.3,0.1,0.2,0.1,0,0.1,1.3,0.3,0.1,0.1,0,0,0,0,1,1,0,0,0,0,0,0,0,0,0,0,1,1,0,2,3
39,Ohio,OH,39033,Crawford,39033,"Crawford County, Ohio",0.4368,401.7853289,41603,0,20019,97,17928,281,10276,1072,1085,234,3900,462,2806,377,2347,331,25.3,2.6,5.5,1.2,21.8,2.6,9.6,1.3,5.7,0.8,0.7241,0.6782,0.4253,0.4713,0.4713,2.7702,0.5977,8596,48,9079,59,7117,536,1325,222,148,142,20.7,0.1,21.8,0.1,17.3,1.3,7.4,1.2,0.4,0.4,0.8621,0.3103,0.7816,0.8966,0.3448,3.1954,0.954,2114,229,5.1,0.6,0.2299,0.2299,0.2299,578,142,787,170,124,74,1171,232,550,158,2.9,0.7,3.9,0.9,0.7,0.4,6.5,1.3,1.3,0.4,0.3678,0.2529,0.0575,0.5172,0.2874,1.4828,0.092,7.6783,36725,4965,503,474,110,703,0,273,47,61,32,25,39,566,182,12,12,12.1,0,1.1,0.3,1.7,0,0.7,0.1,0.1,0.1,0.1,0.1,1.4,0.4,0,0.1,0,0,0,0,0,0,0,0,0,0,0,0,0,0,0,0,0,0,0,0,0
39,Ohio,OH,39035,Cuyahoga,39035,"Cuyahoga County, Ohio",0.931,457.2103999,1241475,0,617795,627,547887,1989,315000,6092,47781,2114,161385,2923,83088,2042,66381,2434,25.9,0.5,7.4,0.3,29.5,0.5,9.5,0.2,5.4,0.2,0.7586,0.977,1,0.4368,0.3103,3.4827,0.8276,225523,13,257707,38,180863,2925,44379,1628,22005,1381,18.2,0.1,20.8,0,14.7,0.2,8.1,0.3,1.9,0.1,0.4943,0.1954,0.4138,0.954,0.9885,3.046,0.8966,518451,3524,41.8,0.3,1,1,1,117223,2301,3461,360,6592,675,70406,2001,28713,1318,19,0.4,0.6,0.1,1.2,0.1,12.9,0.4,2.3,0.1,1,0,0.4138,0.9885,0.5747,2.977,0.7586,10.5057,1424540,165596,4741,360309,1693,76316,0,38081,891,1594,206,262,63,35701,1824,6188,6188,13.7,0,29,0.1,6.1,0,3.1,0.1,0.1,0.1,0,0.1,2.9,0.1,0.5,0.1,0,1,1,0,0,2,0,0,0,1,2,1,1,1,1,0,0,1,0,2,7
39,Ohio,OH,39037,Darke,39037,"Darke County, Ohio",0.1264,598.1019344,51387,0,22975,95,21171,242,11039,990,697,179,3863,473,3390,401,3065,389,21.8,2,2.7,0.7,18.2,2.2,9.6,1.1,6,0.8,0.5172,0.0345,0.4138,0.4713,0.5632,2,0.3333,10013,69,12185,59,6965,557,1092,218,81,115,19.5,0.1,23.7,0.1,13.7,1.1,5.2,1,0.2,0.2,0.7816,0.8391,0.2874,0.2759,0.1149,2.2989,0.3678,2086,235,4.1,0.5,0.1034,0.1034,0.1034,459,150,1037,198,246,89,963,194,590,190,2,0.7,4.5,0.9,1.2,0.4,4.5,0.9,1.1,0.4,0.1954,0.3448,0.4138,0.1839,0.1264,1.2643,0.069,5.6666,44214,6907,641,373,85,818,0,183,112,123,34,0,29,589,138,0,0,13.6,0.1,0.7,0.2,1.6,0,0.4,0.2,0.2,0.1,0,0.1,1.1,0.3,0,0.1,0,0,0,0,0,0,0,0,0,0,0,0,0,0,0,0,0,0,0,0,0
39,Ohio,OH,39039,Defiance,39039,"Defiance County, Ohio",0.3908,411.4495531,38024,0,16805,85,15385,268,6519,967,879,212,2674,354,2079,285,2437,659,17.5,2.6,4.4,1.1,17.4,2.3,8,1.1,6.5,1.7,0.2414,0.3218,0.2184,0.2644,0.6782,1.7242,0.2069,7079,56,8711,23,4511,468,1126,234,265,145,18.6,0.1,22.9,0.1,11.9,1.2,7.3,1.5,0.7,0.4,0.5862,0.5862,0.1149,0.8736,0.7471,2.908,0.8621,5281,199,13.9,0.5,0.7816,0.7816,0.7816,614,156,778,170,160,83,798,189,593,195,3.7,0.9,4.6,1,1,0.5,5.2,1.2,1.6,0.5,0.5402,0.3793,0.3333,0.3333,0.3793,1.9654,0.2414,7.3792,36253,5002,860,544,100,3898,0,110,37,114,47,24,23,575,120,16,16,13.4,0.1,1.4,0.3,10.3,0,0.3,0.1,0.3,0.1,0.1,0.1,1.5,0.3,0,0.1,0,0,0,0,0,0,0,0,0,0,0,0,0,0,0,0,0,0,0,0,0
39,Ohio,OH,39041,Delaware,39041,"Delaware County, Ohio",0.069,443.1463605,205454,0,74732,162,71521,536,14912,1564,2774,415,11791,793,4294,509,9090,1261,7.4,0.8,2.5,0.4,16.5,1.1,3.2,0.4,4.4,0.6,0,0.0115,0.7586,0,0.1149,0.885,0.0575,28195,105,54078,0,16765,1024,3354,403,1651,378,13.7,0.1,26.3,0,8.2,0.5,4.7,0.6,0.9,0.2,0.0345,0.9885,0,0.1724,0.8506,2.046,0.1839,33009,1060,16.1,0.5,0.8391,0.8391,0.8391,4644,455,1501,382,475,143,1901,406,2520,262,6.2,0.6,2,0.5,0.7,0.2,2.7,0.6,1.2,0.1,0.7931,0.1379,0.0575,0.0115,0.2299,1.2299,0.0575,5,201584,7559,993,6908,439,5551,0,14064,571,212,101,21,27,5876,713,377,377,3.7,0.5,3.4,0.2,2.7,0,6.8,0.3,0.1,0.1,0,0.1,2.9,0.3,0.2,0.1,0,0,0,0,0,0,0,1,0,0,1,0,0,0,0,0,0,0,0,0,1
39,Ohio,OH,39043,Erie,39043,"Erie County, Ohio",0.4253,251.2879801,74419,0,37877,123,31319,606,14114,1283,2153,407,6570,599,4155,435,3950,704,19.3,1.7,5.7,1.1,21,1.9,7.8,0.8,5.4,1,0.3793,0.7471,0.6207,0.1954,0.3103,2.2528,0.3908,16184,87,15131,0,10812,742,1921,348,283,150,21.7,0.1,20.3,0,14.7,1,6.1,1.1,0.4,0.2,0.954,0.1034,0.4138,0.6437,0.3448,2.4597,0.5172,13155,688,17.7,0.9,0.8851,0.8851,0.8851,2558,361,1027,245,250,118,2070,335,1246,298,6.8,1,2.7,0.6,0.8,0.4,6.6,1.1,1.7,0.4,0.8046,0.1954,0.1264,0.5517,0.4023,2.0804,0.2759,7.678,80309,10301,1139,6487,344,3385,0,578,90,259,70,7,10,2141,467,298,298,14.1,0.1,8.7,0.5,4.5,0,0.8,0.1,0.3,0.1,0,0.1,2.9,0.6,0.4,0.3,0,0,0,0,0,0,1,0,0,0,1,0,0,0,0,0,0,0,0,0,1
39,Ohio,OH,39045,Fairfield,39045,"Fairfield County, Ohio",0.3678,504.3650275,156204,0,61567,135,57071,522,23158,1752,3056,425,13193,892,7116,574,8873,1058,15.1,1.1,3.9,0.5,23.1,1.5,6.7,0.5,5.8,0.7,0.1034,0.2529,0.7816,0.092,0.5057,1.7356,0.2184,24611,125,37471,0,20519,1119,3485,522,1342,341,15.8,0.1,24,0,13.4,0.7,6.1,0.9,0.9,0.2,0.1264,0.8851,0.2644,0.6437,0.8506,2.7702,0.7816,23330,1037,14.9,0.7,0.8161,0.8161,0.8161,3017,406,1373,267,824,229,2458,348,2978,359,4.9,0.7,2.2,0.4,1.4,0.4,4.3,0.6,1.9,0.2,0.6667,0.1609,0.5172,0.1609,0.4713,1.977,0.2529,7.2989,129483,14940,1744,11757,619,3618,0,2586,340,90,55,49,62,4920,723,310,310,9.8,0,7.5,0.4,2.3,0,1.7,0.2,0.1,0.1,0,0.1,3.1,0.5,0.2,0.1,0,0,0,0,0,0,0,0,0,0,0,0,0,0,0,0,0,0,0,0,0
39,Ohio,OH,39047,Fayette,39047,"Fayette County, Ohio",0.6092,406.3607275,28609,0,12809,58,11737,231,7463,792,644,173,2821,365,3159,393,2284,572,26.5,2.8,4.9,1.3,24,3.1,16.1,2,8.1,2,0.8161,0.5172,0.2529,0.9425,0.8391,3.3678,0.7816,5006,66,6745,48,5694,515,859,187,35,96,17.5,0.2,23.6,0.2,20.1,1.8,7.3,1.6,0.1,0.4,0.2989,0.8161,0.8621,0.8736,0.0345,2.8852,0.8506,2233,167,7.8,0.6,0.4943,0.4943,0.4943,340,123,576,136,101,53,942,223,317,102,2.7,1,4.5,1.1,0.9,0.5,8,1.9,1.1,0.4,0.3333,0.3448,0.2184,0.7931,0.1264,1.816,0.2069,8.5633,26879,4934,753,650,99,625,0,291,58,8,16,11,11,631,119,17,17,17.4,0.1,2.3,0.3,2.2,0,1,0.2,0,0.1,0,0.1,2.2,0.4,0.1,0.1,0,0,0,1,0,1,0,0,0,0,0,0,0,0,0,0,0,0,0,0,1
39,Ohio,OH,39049,Franklin,39049,"Franklin County, Ohio",0.908,532.4171039,1304715,0,559478,702,519237,1947,293865,6504,34844,1684,146244,3125,77465,2624,100364,4170,23.1,0.5,4.8,0.2,28.2,0.6,8.9,0.3,7.7,0.3,0.5977,0.4598,0.9885,0.3793,0.7931,3.2184,0.7356,156727,20,303936,0,149674,3377,40985,1855,28664,1910,12,0.1,23.3,0,11.5,0.3,7.9,0.4,2.4,0.2,0,0.7241,0.092,0.9425,1,2.7586,0.7701,493553,4122,37.8,0.3,0.9885,0.9885,0.9885,82813,2236,5005,569,11866,1012,37266,1476,28374,1694,14.8,0.4,0.9,0.1,2.3,0.2,7.2,0.3,2.2,0.1,0.977,0.0345,0.954,0.6667,0.5402,3.1724,0.8506,10.1379,1482013,101902,4709,293240,2448,74083,0,70260,1247,1679,334,412,201,49608,2382,4271,4271,8,0,22.5,0.2,5.7,0,5.4,0.1,0.1,0.1,0,0.1,3.8,0.2,0.3,0.1,0,0,1,0,0,1,0,0,0,1,2,1,1,1,1,0,1,0,0,2,6
39,Ohio,OH,39051,Fulton,39051,"Fulton County, Ohio",0.1724,405.44696,42186,0,17584,85,16582,256,7045,905,941,207,2956,325,2113,290,2215,388,17,2.2,4.4,1,17.8,1.9,7.3,1,5.3,0.9,0.1954,0.3218,0.2989,0.1264,0.2874,1.2299,0.1379,7613,93,9949,30,5743,640,910,186,282,145,18,0.2,23.6,0.1,13.7,1.5,5.5,1.1,0.7,0.4,0.4598,0.8161,0.2874,0.4368,0.7471,2.7472,0.7586,4792,171,11.4,0.4,0.7011,0.7011,0.7011,375,202,1110,189,205,94,558,165,471,167,2.1,1.1,6.3,1.1,1.2,0.6,3.4,1,1.1,0.4,0.2184,0.5172,0.4138,0.069,0.1264,1.3448,0.0805,6.023,39068,4423,608,139,61,3761,0,228,40,107,55,20,29,529,108,8,8,10.6,0,0.3,0.1,8.9,0,0.5,0.1,0.3,0.1,0,0.1,1.3,0.3,0,0.1,0,0,0,0,0,0,0,0,0,0,0,0,0,0,0,0,0,0,0,0,0
39,Ohio,OH,39053,Gallia,39053,"Gallia County, Ohio",0.5977,466.529313,29995,0,13903,63,11359,360,7264,880,580,192,2495,344,2867,303,2818,542,24.9,3,4.5,1.5,22,2.9,13.9,1.5,9.5,1.8,0.6897,0.3678,0.1839,0.8506,0.8736,2.9656,0.6897,5605,80,6891,125,6039,541,422,143,58,103,18.7,0.3,23,0.4,20.4,1.8,3.7,1.3,0.2,0.4,0.6207,0.6092,0.8966,0.046,0.1149,2.2874,0.3448,2103,285,7,1,0.4023,0.4023,0.4023,212,98,3291,302,151,85,783,185,841,151,1.5,0.7,23.7,2.2,1.3,0.7,6.9,1.6,2.8,0.5,0.1034,0.9655,0.4483,0.5862,0.6782,2.7816,0.6322,8.4369,30300,6794,854,552,103,414,0,230,17,150,89,47,70,641,175,69,69,23.3,0.1,1.8,0.3,1.4,0,0.8,0.1,0.5,0.3,0.2,0.2,2.1,0.6,0.2,0.4,0,0,0,0,0,0,0,0,0,0,0,0,0,0,0,1,0,0,0,1,1
39,Ohio,OH,39055,Geauga,39055,"Geauga County, Ohio",0.2759,400.3005007,93657,0,37280,95,35303,418,10823,1204,1365,307,6331,532,6219,599,7481,807,11.7,1.3,2.8,0.6,17.9,1.5,9.6,0.9,8.1,0.9,0.046,0.0575,0.5977,0.4713,0.8391,2.0116,0.3448,19055,99,21440,52,9801,699,922,202,514,143,20.3,0.1,22.9,0.1,10.6,0.8,2.6,0.6,0.6,0.2,0.8391,0.5862,0.069,0,0.6552,2.1495,0.2529,4628,396,4.9,0.4,0.1839,0.1839,0.1839,1186,256,1164,202,624,154,3121,290,1009,238,3.2,0.7,3.1,0.5,1.8,0.4,8.8,0.8,1.1,0.3,0.4138,0.2069,0.7701,0.8391,0.1264,2.3563,0.4138,6.7013,83418,16218,1128,1171,165,1479,0,517,153,104,84,0,29,1068,229,289,289,17.5,0,1.3,0.2,1.6,0,0.6,0.2,0.1,0.1,0,0.1,1.1,0.2,0.3,0.2,0,0,0,0,0,0,0,0,0,0,0,0,0,0,0,0,0,0,0,0,0
39,Ohio,OH,39057,Greene,39057,"Greene County, Ohio",0.1839,413.5583287,167867,0,70796,293,65915,670,27027,1605,4231,512,14574,924,6796,588,7020,882,17,1,5.1,0.6,22.1,1.4,6,0.5,4.3,0.5,0.1954,0.5977,0.8276,0.0575,0.1034,1.7816,0.2299,28667,127,34584,0,21448,1112,3452,410,848,250,17.1,0.1,20.6,0,13.1,0.7,5.2,0.6,0.5,0.2,0.2414,0.1609,0.2069,0.2759,0.5172,1.4023,0.046,28836,1035,17.2,0.6,0.8736,0.8736,0.8736,6739,687,844,194,559,142,3012,413,8974,679,9.5,1,1.2,0.3,0.8,0.2,4.6,0.6,5.3,0.4,0.8966,0.069,0.1264,0.2184,0.8621,2.1725,0.3218,6.23,178461,12330,1537,11009,473,4987,0,5090,336,154,83,94,94,6684,673,818,818,7.8,0,6.6,0.3,3,0,3,0.2,0.1,0.1,0.1,0.1,4,0.4,0.5,0.3,0,0,0,0,0,0,0,0,0,0,0,0,0,0,0,0,0,0,0,0,0
39,Ohio,OH,39059,Guernsey,39059,"Guernsey County, Ohio",0.7816,522.2536181,38996,0,19341,63,16244,339,10658,917,889,241,4075,425,4148,500,3663,567,27.7,2.4,5,1.3,25.1,2.6,15.2,1.8,9.5,1.5,0.8621,0.5632,0.4713,0.908,0.8736,3.6782,0.8966,7582,56,8586,61,6512,544,986,191,24,100,19.4,0.1,22,0.2,16.9,1.4,6.1,1.2,0.1,0.3,0.7471,0.3448,0.7356,0.6437,0.0345,2.5057,0.5632,2285,315,5.9,0.8,0.3103,0.3103,0.3103,604,180,2647,320,276,116,1171,216,497,122,3.1,0.9,13.7,1.7,1.7,0.7,7.2,1.3,1.3,0.3,0.3908,0.7931,0.7126,0.6667,0.2874,2.8506,0.6552,9.3448,34620,7053,744,653,157,456,0,160,63,83,45,0,26,742,194,191,191,18.3,0.1,1.7,0.4,1.2,0,0.4,0.2,0.2,0.1,0,0.1,1.9,0.5,0.5,0.4,0,0,0,1,0,1,0,0,0,0,0,0,0,0,0,0,0,0,0,0,1
39,Ohio,OH,39061,Hamilton,39061,"Hamilton County, Ohio",0.8621,405.4069761,815790,0,380100,447,344588,1515,179043,4468,23304,1508,94205,2492,45405,2036,44460,2430,22.4,0.6,5.4,0.3,27.3,0.7,8.2,0.4,5.5,0.3,0.5517,0.6667,0.977,0.2989,0.3678,2.8621,0.6322,125679,76,187494,0,96301,2654,29174,1428,9877,1013,15.4,0.1,23,0,11.9,0.3,8.5,0.4,1.3,0.1,0.092,0.6092,0.1149,0.977,0.9425,2.7356,0.7241,288846,3261,35.4,0.4,0.977,0.977,0.977,64518,1950,3026,400,5535,586,37864,1389,18668,1095,17,0.5,0.8,0.1,1.6,0.2,11,0.4,2.3,0.1,0.9885,0.0115,0.6667,0.977,0.5747,3.2184,0.8621,9.7931,982557,78270,3448,206875,1638,28022,0,22108,840,650,178,548,183,26718,1910,3925,3925,9.8,0,25.4,0.2,3.4,0,2.7,0.1,0.1,0.1,0.1,0.1,3.3,0.2,0.5,0.2,0,0,1,0,0,1,0,0,0,1,2,1,1,1,1,0,0,1,0,2,6
39,Ohio,OH,39063,Hancock,39063,"Hancock County, Ohio",0.2414,531.324607,75765,0,34401,142,32022,416,12903,1222,1453,320,6362,664,3614,450,3111,415,17.6,1.7,3.7,0.8,19.9,2.1,6.9,0.9,4.2,0.6,0.2529,0.1609,0.6092,0.1034,0.092,1.2184,0.1149,13027,127,16806,34,9010,635,1725,340,535,235,17.2,0.2,22.2,0,12,0.8,5.4,1.1,0.8,0.3,0.2644,0.4138,0.1494,0.3678,0.8161,2.0115,0.1494,8635,334,11.4,0.4,0.7011,0.7011,0.7011,2498,397,2156,273,288,138,1874,322,2021,279,7.3,1.2,6.3,0.8,0.9,0.4,5.9,1,2.7,0.4,0.8276,0.5172,0.2184,0.3793,0.6437,2.5862,0.5287,6.5172,85267,7017,1032,972,174,4304,0,1581,126,47,50,0,29,1597,215,134,134,9.5,0,1.3,0.2,5.7,0,2.1,0.2,0.1,0.1,0,0.1,2.1,0.3,0.2,0.2,0,0,0,0,0,0,0,0,0,0,0,0,0,0,0,0,0,0,0,0,0
39,Ohio,OH,39065,Hardin,39065,"Hardin County, Ohio",0.5402,470.2850214,31393,0,13224,106,11777,281,6646,852,769,191,2274,299,1900,296,2999,615,23.1,3,5.1,1.2,19.3,2.5,9.8,1.5,9.6,2,0.5977,0.5977,0.1724,0.5172,0.8966,2.7816,0.6092,5030,58,7047,83,4668,403,659,163,150,119,16,0.2,22.4,0.3,15,1.3,5.6,1.4,0.5,0.4,0.1379,0.4713,0.4483,0.4828,0.5172,2.0575,0.1954,1757,170,5.6,0.5,0.2989,0.2989,0.2989,439,148,1370,218,128,67,710,190,2337,235,3.3,1.1,10.4,1.7,1.1,0.6,6,1.6,7.4,0.7,0.4598,0.7356,0.3563,0.4253,0.931,2.908,0.7126,8.046,27529,4799,744,339,79,585,0,237,46,1,4,0,26,575,139,20,20,16.5,0.1,1.1,0.3,1.9,0,0.8,0.1,0,0.1,0,0.1,1.8,0.4,0.1,0.1,0,0,0,0,0,0,0,0,0,0,0,0,0,0,0,0,0,0,1,1,1
39,Ohio,OH,39067,Harrison,39067,"Harrison County, Ohio",0.8161,402.3308868,15132,0,8092,79,6221,230,3525,500,379,118,1317,243,1341,230,1810,460,23.8,3.4,5.9,1.9,21.2,3.8,12.3,2.1,12.2,3.1,0.6322,0.8276,0.0575,0.7586,0.977,3.2529,0.7471,3270,17,3151,0,2595,338,315,123,69,93,21.6,0.1,20.8,0,17.5,2.3,5.1,2,0.5,0.6,0.9425,0.1954,0.7931,0.2644,0.5172,2.7126,0.7011,795,160,5.3,1.1,0.2644,0.2644,0.2644,90,34,1331,238,159,86,573,158,280,168,1.1,0.4,16.4,2.9,2.6,1.4,9.2,2.4,1.9,1.1,0.046,0.8736,0.977,0.8736,0.4713,3.2415,0.908,9.4714,11462,3122,571,430,113,56,48,78,67,0,19,0,19,201,70,30,30,21,0.2,2.8,0.7,0.4,0.3,0.5,0.4,0,0.2,0,0.2,1.3,0.5,0.2,0.2,0,0,0,0,1,1,1,0,0,0,1,0,0,0,0,0,1,0,0,1,3
39,Ohio,OH,39069,Henry,39069,"Henry County, Ohio",0.1149,416.010008,27068,0,12130,65,11069,217,4351,555,624,191,1850,249,1216,213,1322,312,16.4,2.1,4.5,1.4,16.7,2.2,6.5,1.1,5,1.2,0.1609,0.3678,0.0805,0.0805,0.2184,0.9081,0.069,5002,47,6296,27,3327,320,660,148,129,106,18.5,0.2,23.3,0.1,12.5,1.2,6,1.3,0.5,0.4,0.5632,0.7241,0.1839,0.5977,0.5172,2.5861,0.6092,2822,169,10.4,0.6,0.6092,0.6092,0.6092,377,129,996,202,49,33,362,104,447,126,3.1,1.1,8.2,1.7,0.4,0.3,3.3,0.9,1.7,0.5,0.3908,0.6667,0,0.0575,0.4023,1.5173,0.1149,5.6207,26569,2403,361,191,49,2094,0,89,19,58,42,8,11,281,64,101,101,9,0,0.7,0.2,7.7,0,0.3,0.1,0.2,0.2,0,0.1,1,0.2,0.4,0.5,0,0,0,0,0,0,0,0,0,0,0,0,0,0,0,0,0,0,0,0,0
39,Ohio,OH,39071,Highland,39071,"Highland County, Ohio",0.8276,553.0833852,43080,0,19321,69,16747,352,12085,1077,933,214,3906,451,4635,504,4158,815,28.5,2.5,4.8,1.1,23.3,2.6,15.7,1.7,9.8,1.9,0.8851,0.4598,0.4368,0.9195,0.9195,3.6207,0.8736,7879,74,10281,34,7959,658,679,179,159,137,18.3,0.2,23.9,0.1,18.7,1.5,4.1,1.1,0.4,0.3,0.5172,0.8621,0.8276,0.0805,0.3448,2.6322,0.6552,2154,409,5,0.9,0.2184,0.2184,0.2184,435,125,2422,291,343,137,1453,289,578,156,2.3,0.6,12.5,1.5,2,0.8,8.7,1.7,1.3,0.4,0.2759,0.7701,0.8621,0.8276,0.2874,3.0231,0.7931,9.4944,37706,9289,1252,633,281,513,0,139,89,112,54,0,26,725,258,32,32,21.9,0.1,1.5,0.7,1.2,0,0.3,0.2,0.3,0.1,0,0.1,1.7,0.6,0.1,0.1,0,0,0,1,1,2,0,0,0,0,0,0,0,0,0,0,0,0,0,0,2
39,Ohio,OH,39073,Hocking,39073,"Hocking County, Ohio",0.4828,421.3491825,28306,0,13437,95,11533,274,6626,814,513,144,2217,328,2342,457,1365,258,23.8,2.9,3.8,1.1,19.2,2.8,11.7,2.3,4.9,0.9,0.6322,0.2069,0.1494,0.7126,0.1954,1.8965,0.2989,5340,34,6163,121,4806,445,808,202,135,133,18.9,0.1,21.8,0.4,17.2,1.6,7,1.7,0.5,0.5,0.6897,0.3103,0.7701,0.8276,0.5172,3.1149,0.9195,1186,214,4.2,0.8,0.1264,0.1264,0.1264,299,102,2354,297,332,120,464,124,477,197,2.2,0.8,17.5,2.2,2.9,1,4,1.1,1.7,0.7,0.2414,0.908,0.9885,0.1264,0.4023,2.6666,0.5862,7.8044,21501,4779,718,228,63,284,0,25,27,10,17,0,23,628,201,11,11,17.2,0.1,0.8,0.2,1,0,0.1,0.1,0,0.1,0,0.1,2.2,0.7,0,0.1,0,0,0,0,0,0,0,0,0,0,0,0,0,0,0,1,1,0,0,2,2
39,Ohio,OH,39075,Holmes,39075,"Holmes County, Ohio",0.4713,422.6116094,43954,0,13593,88,12351,281,8245,1047,476,201,2230,306,11377,697,18026,1245,19.1,2.4,2.3,1,18.1,2.4,43.9,2.6,41.8,2.9,0.3563,0,0.1609,1,1,2.5172,0.4828,6037,43,13731,128,3609,463,355,120,664,174,13.7,0.1,31.2,0.3,8.4,1.1,2.9,1,1.6,0.4,0.0345,1,0.0115,0.0115,0.9655,2.023,0.1609,977,235,2.2,0.5,0,0,0,268,95,873,168,506,164,3764,350,881,269,2,0.7,6.4,1.2,4.1,1.3,30.5,2.7,2,0.6,0.1954,0.5517,1,1,0.4943,3.2414,0.8966,7.7816,42842,19798,1511,63,51,432,0,134,122,132,135,0,26,216,138,0,0,46,0.3,0.1,0.1,1,0,0.3,0.3,0.3,0.3,0,0.1,0.5,0.3,0,0.1,0,0,0,1,1,2,0,1,0,0,2,0,1,0,0,0,1,1,0,2,6
39,Ohio,OH,39077,Huron,39077,"Huron County, Ohio",0.5172,492.2428471,58271,0,25314,140,23050,363,12230,1125,1334,274,4837,452,4289,446,3548,689,21.2,2,4.7,0.9,21,1.9,10.8,1.1,6.1,1.2,0.4828,0.4368,0.5402,0.6437,0.5862,2.6897,0.5402,10029,114,14019,58,8220,636,1555,263,203,154,17.2,0.2,24.1,0.1,14.2,1.1,6.7,1.1,0.4,0.3,0.2644,0.8966,0.3793,0.7586,0.3448,2.6437,0.6667,5930,250,10.2,0.4,0.5977,0.5977,0.5977,803,195,1607,237,263,84,1107,236,977,340,3.2,0.8,6.3,0.9,1.1,0.4,4.8,1,1.7,0.6,0.4138,0.5172,0.3563,0.2644,0.4023,1.954,0.2299,7.8851,51222,7530,1060,736,117,3905,0,123,61,120,84,8,10,967,157,71,71,13.1,0.1,1.3,0.2,6.7,0,0.2,0.1,0.2,0.1,0,0.1,1.7,0.3,0.1,0.1,0,0,0,0,0,0,0,0,0,0,0,0,0,0,0,0,0,0,0,0,0
39,Ohio,OH,39079,Jackson,39079,"Jackson County, Ohio",0.6667,420.3102225,32440,0,14914,74,12971,280,9523,1284,1030,277,3094,444,3029,463,2105,482,30,4,6.9,1.8,23.9,3.4,13.6,2.1,6.6,1.5,0.908,0.931,0.3448,0.8391,0.6897,3.7126,0.9195,5558,82,7679,83,6245,663,720,217,0,104,17.1,0.3,23.7,0.3,19.5,2.1,5.6,1.7,0,0.3,0.2414,0.8391,0.8506,0.4828,0,2.4139,0.4598,1310,223,4,0.7,0.092,0.092,0.092,277,98,2745,392,275,125,760,192,354,156,1.9,0.7,18.4,2.6,2.1,1,5.9,1.5,1.1,0.5,0.1609,0.931,0.9195,0.3793,0.1264,2.5171,0.4943,8.7356,30475,6674,877,316,152,360,0,0,26,18,27,55,73,559,143,2,2,20.8,0.1,1,0.5,1.1,0,0,0.1,0.1,0.1,0.2,0.2,1.7,0.4,0,0.1,1,1,0,0,0,2,0,0,0,0,0,0,0,0,0,1,1,0,0,2,4
39,Ohio,OH,39081,Jefferson,39081,"Jefferson County, Ohio",0.6207,408.1241384,65943,0,32448,132,27541,436,16785,1220,1676,272,5648,457,4026,354,3230,445,26.4,1.9,5.6,0.9,20.5,1.6,8.5,0.8,5,0.7,0.8046,0.7011,0.5632,0.3333,0.2184,2.6206,0.5057,14174,62,12664,43,11619,605,1560,251,112,117,21.5,0.1,19.2,0.1,17.8,0.9,5.7,0.9,0.2,0.2,0.9195,0.0575,0.8046,0.5287,0.1149,2.4252,0.4713,6525,294,9.9,0.4,0.5862,0.5862,0.5862,1760,217,2021,278,187,94,2724,250,2300,289,5.4,0.7,6.2,0.9,0.7,0.3,9.9,0.9,3.5,0.4,0.6897,0.4943,0.0575,0.954,0.7471,2.9426,0.7471,8.5746,61078,9684,896,3719,194,1011,0,373,67,17,18,0,29,1309,195,96,96,15.2,0.1,5.6,0.3,1.5,0,0.6,0.1,0,0.1,0,0.1,2,0.3,0.1,0.1,0,0,0,0,0,0,1,0,0,0,1,0,0,0,0,0,0,1,0,1,2
39,Ohio,OH,39083,Knox,39083,"Knox County, Ohio",0.3563,525.4988831,61776,0,25899,151,23027,415,10927,1385,1277,345,4608,436,3369,502,6000,1224,18.8,2.4,4.2,1.1,20,1.9,8.3,1.2,9.8,2,0.3333,0.2759,0.5172,0.3103,0.9195,2.3562,0.4023,11109,79,14076,0,8140,608,1488,298,290,185,18,0.1,22.8,0,13.3,1,6.5,1.3,0.5,0.3,0.4598,0.5517,0.2414,0.7241,0.5172,2.4942,0.5402,3338,369,5.4,0.6,0.2759,0.2759,0.2759,300,85,892,190,296,134,1503,284,3678,357,1.2,0.3,3.4,0.7,1.3,0.6,6.5,1.2,6,0.6,0.069,0.2299,0.4483,0.5172,0.908,2.1724,0.2989,7.2987,52207,7713,1323,528,134,975,0,286,88,73,59,8,14,1326,283,142,142,13.3,0.1,0.9,0.2,1.6,0,0.5,0.1,0.1,0.1,0,0.1,2.1,0.5,0.2,0.3,0,0,0,0,1,1,0,0,0,0,0,0,0,0,0,0,0,0,1,1,2
39,Ohio,OH,39085,Lake,39085,"Lake County, Ohio",0.2644,229.2702746,229755,0,103212,183,96534,784,32520,1680,5882,637,21655,1101,12324,937,11103,946,14.4,0.7,4.8,0.5,22.4,1.1,7.4,0.6,4.9,0.4,0.092,0.4598,0.8851,0.1494,0.1954,1.7817,0.2414,45868,44,46016,22,31418,1277,5017,474,2596,451,20,0.1,20,0,13.8,0.6,5.2,0.5,1.2,0.2,0.8276,0.0805,0.3218,0.2759,0.931,2.4368,0.4828,28585,964,12.4,0.4,0.7586,0.7586,0.7586,10830,728,1788,275,885,223,4184,515,3053,350,10.5,0.7,1.7,0.3,0.9,0.2,4.3,0.5,1.3,0.2,0.9195,0.1034,0.2184,0.1609,0.2874,1.6896,0.1839,6.6667,211984,18589,1286,9598,516,10356,0,2918,266,130,71,48,34,5178,722,357,357,8.2,0,4.2,0.2,4.5,0,1.3,0.1,0.1,0.1,0,0.1,2.3,0.3,0.2,0.1,0,0,0,0,0,0,0,0,0,0,1,0,1,0,1,0,0,0,0,1,2
39,Ohio,OH,39087,Lawrence,39087,"Lawrence County, Ohio",0.4483,453.3926975,59901,0,27538,102,23208,561,17592,1566,1269,277,5789,602,5187,590,2817,550,29.8,2.7,5,1.1,24.9,2.5,12.3,1.4,4.7,0.9,0.8966,0.5632,0.5747,0.7586,0.1609,2.954,0.6667,11152,80,13187,82,13665,781,1580,319,66,147,18.6,0.1,22,0.1,23,1.3,6.8,1.4,0.1,0.3,0.5862,0.3448,0.977,0.7701,0.0345,2.7126,0.7011,3252,372,5.4,0.6,0.2759,0.2759,0.2759,614,188,4678,545,171,93,1481,276,682,240,2.2,0.7,17,2,0.7,0.4,6.4,1.2,1.1,0.4,0.2414,0.8966,0.0575,0.4828,0.1264,1.8047,0.1954,7.7472,50991,9096,915,1015,222,596,0,224,105,7,19,12,15,1299,249,99,99,15.4,0.1,1.7,0.4,1,0,0.4,0.2,0,0.1,0,0.1,2.2,0.4,0.2,0.2,0,0,0,0,0,0,0,0,1,0,1,0,0,0,0,0,0,0,0,0,1
39,Ohio,OH,39089,Licking,39089,"Licking County, Ohio",0.3448,682.4271213,175409,0,71034,133,64466,622,29508,2021,3282,490,13426,874,8977,781,9808,871,17.3,1.2,3.7,0.6,20.8,1.3,7.5,0.7,5.6,0.5,0.2184,0.1609,0.8161,0.1609,0.4368,1.7931,0.2529,28771,127,40629,0,26909,1208,3624,461,867,281,16.4,0.1,23.2,0,15.5,0.7,5.6,0.7,0.5,0.2,0.1724,0.7126,0.4943,0.4828,0.5172,2.3793,0.4368,18636,863,10.6,0.5,0.6322,0.6322,0.6322,3159,455,3186,484,1123,284,3121,428,3887,292,4.4,0.6,4.5,0.7,1.7,0.4,4.8,0.7,2.2,0.2,0.6207,0.3448,0.7126,0.2644,0.5402,2.4827,0.4713,7.2873,162525,15026,1585,7158,455,3587,0,2771,395,118,69,25,44,4685,574,292,292,8.8,0,4.1,0.3,2,0,1.6,0.2,0.1,0.1,0,0.1,2.7,0.3,0.2,0.1,0,0,0,0,0,0,0,0,0,0,0,0,0,0,0,0,0,0,0,0,0
39,Ohio,OH,39091,Logan,39091,"Logan County, Ohio",0.1954,458.5053378,45315,0,23450,118,18604,463,8945,977,995,252,3425,396,2336,309,2257,378,20,2.2,4.5,1.1,18.4,2.1,7.5,1,5,0.8,0.4138,0.3678,0.3793,0.1609,0.2184,1.5402,0.1839,8187,82,10475,60,5495,474,1000,227,194,132,18.1,0.2,23.1,0.1,12.2,1.1,5.4,1.2,0.5,0.3,0.4828,0.6667,0.1609,0.3678,0.5172,2.1954,0.2759,3223,259,7.1,0.6,0.4138,0.4138,0.4138,594,167,2198,294,318,140,870,198,481,181,2.5,0.7,9.4,1.3,1.7,0.8,4.7,1.1,1.1,0.4,0.3103,0.7126,0.7126,0.2414,0.1264,2.1033,0.2874,6.2527,41890,4581,585,653,122,786,0,343,30,42,38,36,34,1307,212,56,56,10.2,0,1.4,0.3,1.7,0,0.8,0.1,0.1,0.1,0.1,0.1,2.9,0.5,0.1,0.1,0,0,0,0,0,0,0,0,0,0,0,0,0,0,0,0,0,0,0,0,0
39,Ohio,OH,39093,Lorain,39093,"Lorain County, Ohio",0.7471,490.5360875,309134,0,131984,298,121669,786,59631,2299,7337,643,30469,1433,21553,1003,16509,1413,19.9,0.8,4.9,0.4,25,1.2,10,0.5,5.5,0.5,0.3908,0.5172,0.908,0.5632,0.3678,2.747,0.5747,56737,151,68027,0,42625,1835,8745,668,2792,409,18.4,0.1,22,0,14.1,0.6,7.2,0.5,1,0.1,0.5402,0.3448,0.3448,0.8391,0.8851,2.954,0.8851,68695,1510,22.2,0.5,0.9195,0.9195,0.9195,11248,851,3160,404,1249,316,7611,628,9199,719,8.5,0.6,2.4,0.3,1,0.3,6.3,0.5,3,0.2,0.8506,0.1724,0.3333,0.4598,0.6897,2.5058,0.4828,9.1263,269157,42049,2229,23309,799,31425,0,3546,323,722,192,89,94,9241,991,363,363,14,0,7.5,0.3,10.2,0,1.1,0.1,0.2,0.1,0,0.1,3,0.3,0.1,0.1,0,0,1,0,0,1,0,0,0,0,0,1,0,1,0,0,0,0,0,0,2
39,Ohio,OH,39095,Lucas,39095,"Lucas County, Ohio",0.9655,339.6630893,430319,0,203586,409,181472,1150,115148,3351,15436,1278,50181,1673,30246,1195,24901,1744,27.4,0.8,7.2,0.6,27.7,0.9,10.3,0.4,5.9,0.4,0.8506,0.954,0.9425,0.6092,0.5402,3.8965,0.954,69910,53,99028,33,65221,2001,15735,858,2438,407,16.2,0.1,23,0,15.3,0.5,8.7,0.5,0.6,0.1,0.1494,0.6092,0.4598,0.9885,0.6552,2.8621,0.8391,138003,2439,32.1,0.6,0.9655,0.9655,0.9655,25227,1226,4319,541,2288,396,17411,1037,9655,920,12.4,0.6,2.1,0.3,1.3,0.2,9.6,0.6,2.2,0.2,0.9655,0.1494,0.4483,0.9425,0.5402,3.0459,0.8046,10.77,453470,46980,2190,80197,1466,31680,0,7208,387,747,214,118,39,16184,1572,1869,1869,11.2,0,18.6,0.3,7.4,0,1.7,0.1,0.2,0.1,0,0.1,3.8,0.4,0.4,0.2,0,1,1,0,0,2,0,0,0,1,1,1,0,1,1,0,0,1,0,2,6
39,Ohio,OH,39097,Madison,39097,"Madison County, Ohio",0.3333,465.8133143,44248,0,16143,366,15017,434,6040,664,781,174,2743,332,4009,407,2456,487,15.5,1.7,3.8,0.9,18.3,2.1,12.6,1.3,6.3,1.2,0.1149,0.2069,0.2414,0.7931,0.6322,1.9885,0.3103,6831,120,9052,27,6232,541,1018,216,265,133,15.4,0.3,20.5,0.1,15.9,1.4,6.8,1.4,0.6,0.3,0.092,0.1379,0.5402,0.7701,0.6552,2.1954,0.2759,5288,435,12,1,0.7241,0.7241,0.7241,586,208,818,132,166,88,530,135,5249,952,3.6,1.3,5.1,0.8,1.1,0.6,3.5,0.9,11.9,2.2,0.5287,0.4138,0.3563,0.0805,0.977,2.3563,0.4138,7.2643,42110,3658,1336,2553,289,994,0,282,97,38,31,6,11,1287,286,128,128,9.4,0.2,5.8,0.7,2.2,0,0.6,0.2,0.1,0.1,0,0.1,2.9,0.6,0.3,0.3,0,0,0,0,0,0,0,0,0,0,0,0,0,0,0,0,0,0,1,1,1
39,Ohio,OH,39099,Mahoning,39099,"Mahoning County, Ohio",0.9195,411.4875065,228452,0,111292,256,98869,875,58898,2350,8976,806,24452,1105,14514,825,10731,892,26.6,1.1,7.9,0.7,24.7,1.1,8.9,0.5,4.8,0.4,0.8276,0.9885,0.8966,0.3793,0.1724,3.2644,0.7586,47841,93,45945,0,35732,1529,7503,587,2259,390,20.9,0.1,20.1,0,16,0.7,7.6,0.6,1,0.2,0.8851,0.092,0.5862,0.9195,0.8851,3.3679,0.9885,56578,1396,24.8,0.6,0.9425,0.9425,0.9425,8328,711,1691,255,844,200,8828,604,6744,552,7.5,0.6,1.5,0.2,0.9,0.2,8.9,0.6,3,0.2,0.8391,0.092,0.2184,0.8621,0.6897,2.7013,0.5977,10.2761,235317,26854,1433,32699,820,14366,0,2116,187,364,133,31,44,6627,1038,375,375,12.1,0,14.3,0.4,6.3,0,0.9,0.1,0.2,0.1,0,0.1,2.9,0.5,0.2,0.1,0,1,0,0,0,1,0,0,0,1,1,1,0,1,0,0,0,0,0,0,3
39,Ohio,OH,39101,Marion,39101,"Marion County, Ohio",0.7241,403.8059586,65179,0,27878,152,24617,397,14827,973,1712,358,5855,499,4680,567,3194,490,25,1.6,6.1,1.3,23.8,2,10.1,1.2,5.4,0.8,0.7126,0.8621,0.5862,0.5747,0.3103,3.0459,0.7011,11546,102,13721,30,10632,878,1433,221,257,133,17.7,0.2,21.1,0,17.8,1.5,5.8,0.9,0.4,0.2,0.3563,0.2414,0.8046,0.5517,0.3448,2.2988,0.3563,7855,453,12.1,0.7,0.7356,0.7356,0.7356,1522,253,1208,201,222,91,1950,262,5666,324,5.5,0.9,4.3,0.7,0.9,0.4,7.9,1.1,8.7,0.5,0.7011,0.3333,0.2184,0.7816,0.9655,2.9999,0.7816,9.0802,64765,7249,906,3153,284,1831,0,384,69,98,38,29,27,2201,318,159,159,12.2,0.1,4.8,0.4,2.8,0,0.6,0.1,0.2,0.1,0,0.1,3.4,0.5,0.2,0.1,0,0,0,0,0,0,0,0,0,0,0,0,0,0,0,0,0,0,1,1,1
39,Ohio,OH,39103,Medina,39103,"Medina County, Ohio",0,421.4578057,179116,0,72938,178,69739,501,18623,1434,2778,454,13291,836,6679,706,6456,759,10.5,0.8,2.9,0.5,19.1,1.2,5.3,0.6,3.6,0.4,0.0345,0.0805,0.7931,0.023,0.0115,0.9426,0.0805,32011,146,39989,0,20135,1205,2988,399,668,286,17.9,0.1,22.3,0,11.3,0.7,4.3,0.6,0.4,0.2,0.4138,0.4253,0.0805,0.1034,0.3448,1.3678,0.0345,12370,737,6.9,0.4,0.3793,0.3793,0.3793,4954,498,730,183,576,152,2452,370,1497,237,6.8,0.7,1,0.3,0.8,0.2,3.5,0.5,0.8,0.1,0.8046,0.046,0.1264,0.0805,0.0115,1.069,0.0345,3.7587,147499,14468,1493,2328,283,4100,0,1798,180,241,171,0,29,3232,423,671,671,8.1,0,1.3,0.2,2.3,0,1,0.1,0.1,0.1,0,0.1,1.8,0.2,0.4,0.2,0,0,0,0,0,0,0,0,0,0,0,0,0,0,0,0,0,0,0,0,0
39,Ohio,OH,39105,Meigs,39105,"Meigs County, Ohio",0.6782,430.1013627,22974,0,11223,65,9090,232,7420,781,777,188,1973,295,2616,295,1585,394,32.8,3.4,8.3,2,21.7,3.2,16,1.8,7,1.7,0.954,1,0.1034,0.931,0.7356,3.724,0.931,4517,45,5134,116,5232,402,424,121,43,104,19.7,0.2,22.3,0.5,23,1.8,4.7,1.3,0.2,0.5,0.8161,0.4253,0.977,0.1724,0.1149,2.5057,0.5632,809,134,3.5,0.6,0.023,0.023,0.023,303,84,3201,362,120,63,693,127,221,119,2.7,0.7,28.5,3.2,1.3,0.7,7.6,1.4,1,0.5,0.3333,0.9885,0.4483,0.7241,0.0805,2.5747,0.5172,8.8274,17258,4955,630,121,80,181,0,0,23,22,36,0,23,485,98,0,0,21.8,0.1,0.5,0.3,0.8,0,0,0.2,0.1,0.2,0,0.2,2.1,0.4,0,0.2,1,1,0,1,0,3,0,0,1,0,1,0,0,0,0,1,0,0,0,1,5
39,Ohio,OH,39107,Mercer,39107,"Mercer County, Ohio",0.023,462.4468021,41034,0,18136,72,16078,316,5518,607,547,148,2564,329,2111,276,1497,282,13.7,1.5,2.5,0.7,15.9,2,7.8,1,3.7,0.7,0.0805,0.0115,0.1954,0.1954,0.046,0.5288,0.0115,7254,46,10552,71,4233,402,586,146,173,134,17.7,0.1,25.7,0.2,10.4,1,3.6,0.9,0.5,0.4,0.3563,0.977,0.0345,0.0345,0.5172,1.9195,0.1034,1999,196,4.9,0.5,0.1839,0.1839,0.1839,376,107,1122,200,236,87,510,146,544,162,2.1,0.6,6.2,1.1,1.5,0.5,3.2,0.9,1.3,0.4,0.2184,0.4943,0.5747,0.046,0.2874,1.6208,0.1494,4.253,40768,3614,509,279,123,777,0,272,61,0,26,307,26,356,137,8,8,8.9,0,0.7,0.3,1.9,0,0.7,0.1,0,0.1,0.7,0.1,0.9,0.3,0,0.1,0,0,0,0,0,0,0,1,0,0,1,0,0,0,0,0,0,0,0,0,1
39,Ohio,OH,39109,Miami,39109,"Miami County, Ohio",0.1379,406.5204,106074,0,44394,116,41260,517,16627,1513,2241,426,8482,667,5999,609,5400,730,15.9,1.4,4.2,0.8,20.6,1.6,8.1,0.8,5.1,0.7,0.1264,0.2759,0.6782,0.2874,0.2759,1.6438,0.1954,19823,128,24469,49,13905,1009,2227,429,594,268,18.7,0.1,23.1,0,13.2,1,5.4,1,0.6,0.3,0.6207,0.6667,0.2184,0.3678,0.6552,2.5288,0.5862,8496,595,8,0.6,0.5287,0.5287,0.5287,1554,315,831,269,331,159,1874,297,977,201,3.5,0.7,1.9,0.6,0.8,0.4,4.5,0.7,0.9,0.2,0.5057,0.1264,0.1264,0.1839,0.046,0.9884,0.023,5.6897,97108,8958,987,2048,309,1868,0,1434,241,110,81,7,14,2987,433,42,42,8.5,0,1.9,0.3,1.8,0,1.4,0.2,0.1,0.1,0,0.1,2.8,0.4,0,0.1,0,0,0,0,0,0,0,0,0,0,0,0,0,0,0,0,0,0,0,0,0
39,Ohio,OH,39111,Monroe,39111,"Monroe County, Ohio",0.2989,455.7230412,13827,0,7476,54,5854,204,3540,546,267,102,1090,182,991,235,983,301,25.9,4,4.7,1.8,18.6,3,9.8,2.3,7.2,2.2,0.7586,0.4368,0.0115,0.5172,0.7586,2.4827,0.4368,3290,53,2849,57,2745,287,199,79,0,76,23.8,0.4,20.6,0.4,20.1,2.1,3.4,1.3,0,0.6,0.977,0.1609,0.8621,0.023,0,2.023,0.1609,407,136,2.9,1,0.0115,0.0115,0.0115,136,61,1177,172,90,53,409,130,143,52,1.8,0.8,15.7,2.3,1.5,0.9,7,2.2,1,0.4,0.1379,0.8621,0.5747,0.6207,0.0805,2.2759,0.3793,6.7931,11494,3280,422,63,73,15,18,67,57,0,19,0,19,261,97,1,1,24,0.1,0.5,0.5,0.1,0.1,0.5,0.4,0,0.3,0,0.3,1.9,0.7,0,0.1,0,0,0,0,0,0,1,0,0,0,1,0,0,0,0,0,0,0,0,0,1
39,Ohio,OH,39113,Montgomery,39113,"Montgomery County, Ohio",0.977,461.3511856,531988,0,254931,449,227077,1280,127755,3290,16574,1128,61348,1900,34596,1840,34395,1987,24.9,0.6,6.3,0.4,27,0.8,9.5,0.5,6.6,0.4,0.6897,0.8966,0.9655,0.4368,0.6897,3.6783,0.908,95292,61,117747,92,80567,2475,19091,989,5559,739,17.9,0.1,22.1,0,15.4,0.5,8.4,0.4,1.1,0.1,0.4138,0.3793,0.4828,0.9655,0.9195,3.1609,0.931,158564,2123,29.8,0.4,0.954,0.954,0.954,22448,1209,3432,469,3139,517,21302,1113,18394,1004,8.8,0.5,1.3,0.2,1.4,0.2,9.4,0.5,3.5,0.2,0.8621,0.0805,0.5172,0.8966,0.7471,3.1035,0.8391,10.8967,561782,54257,2620,108843,1242,16616,0,11712,537,748,205,149,105,18860,1355,1636,1636,10.6,0,20.5,0.2,3.1,0,2.2,0.1,0.1,0.1,0,0.1,3.5,0.3,0.3,0.1,0,0,1,0,0,1,0,0,0,1,2,1,1,1,0,0,0,0,0,0,4
39,Ohio,OH,39115,Morgan,39115,"Morgan County, Ohio",0.5862,416.4257878,14557,0,8015,64,6076,236,4529,526,246,97,1185,186,1479,220,876,227,31.5,3.7,4,1.6,19.5,3,14.1,2.1,6.1,1.6,0.9195,0.2644,0.0345,0.8736,0.5862,2.6782,0.5287,3153,65,3040,41,3165,270,319,91,18,78,21.7,0.4,20.9,0.3,22,1.8,5.3,1.5,0.1,0.6,0.954,0.2184,0.954,0.3333,0.0345,2.4942,0.5402,1232,179,8.5,1.2,0.5632,0.5632,0.5632,75,26,1749,265,108,68,403,107,180,128,0.9,0.3,21.8,3.3,1.8,1.1,6.6,1.8,1.2,0.9,0.023,0.9425,0.7701,0.5517,0.2299,2.5172,0.5057,8.2528,10110,3129,487,537,112,139,0,12,18,24,29,0,19,455,107,65,65,21.8,0.2,3.7,0.8,1,0,0.1,0.1,0.2,0.2,0,0.2,3.1,0.7,0.4,0.6,1,0,0,0,0,1,1,0,1,0,2,0,0,0,0,1,0,0,0,1,4
39,Ohio,OH,39117,Morrow,39117,"Morrow County, Ohio",0.2069,406.1333752,35148,0,14337,49,13064,321,5844,883,484,159,2191,333,2867,470,3586,816,16.8,2.5,2.7,0.9,16.8,2.5,11.7,1.9,10.3,2.3,0.1724,0.0345,0.1379,0.7126,0.9425,1.9999,0.3218,6165,111,7960,68,5548,499,687,246,90,119,17.5,0.3,22.6,0.2,15.9,1.4,5.3,1.9,0.3,0.4,0.2989,0.5172,0.5402,0.3333,0.2759,1.9655,0.1149,1487,189,4.2,0.5,0.1264,0.1264,0.1264,200,99,1451,269,297,157,790,197,275,101,1.4,0.7,10.1,1.9,2.3,1.2,6,1.5,0.8,0.3,0.092,0.7241,0.954,0.4253,0.0115,2.2069,0.3448,6.2987,24397,5639,998,263,81,540,0,155,85,46,57,0,26,471,138,12,12,16.2,0.1,0.7,0.2,1.5,0,0.4,0.2,0.1,0.2,0,0.1,1.3,0.4,0,0.1,0,0,0,0,1,1,0,0,0,0,0,0,0,0,0,0,1,0,0,1,2
39,Ohio,OH,39119,Muskingum,39119,"Muskingum County, Ohio",0.7356,664.5455678,86033,0,37950,119,33797,429,21498,1563,2159,361,8633,667,6649,690,4834,823,25.7,1.9,5.3,0.9,25.5,1.9,11.3,1.2,5.7,1,0.7471,0.6552,0.7126,0.7011,0.4713,3.2873,0.7701,15149,52,19534,60,13346,904,2196,383,271,197,17.6,0.1,22.7,0.1,15.7,1.1,6.5,1.1,0.3,0.2,0.3333,0.5402,0.5172,0.7241,0.2759,2.3907,0.4483,7602,475,8.8,0.6,0.5747,0.5747,0.5747,1523,272,3243,362,499,144,2115,338,1997,265,4,0.7,8.5,1,1.5,0.4,6.3,1,2.3,0.3,0.5747,0.6782,0.5747,0.4598,0.5747,2.8621,0.6667,9.1148,85909,12538,1259,2548,252,1052,0,439,98,143,62,57,85,3041,290,322,322,14.9,0,3,0.3,1.2,0,0.5,0.1,0.2,0.1,0.1,0.1,3.5,0.3,0.4,0.2,0,0,0,0,0,0,0,0,0,0,0,0,0,0,0,0,0,0,0,0,0
39,Ohio,OH,39121,Noble,39121,"Noble County, Ohio",0.7126,398.0118683,14410,0,6196,129,4969,255,2672,511,222,120,810,236,1827,300,902,299,22.2,4.2,4.8,2.6,16.3,4.7,16.6,2.7,7.4,2.5,0.5402,0.4598,0,0.9655,0.7816,2.7471,0.5862,3953,0,2684,0,2617,313,182,91,55,75,27.4,0,18.6,0,21.6,2.6,3.7,1.8,0.4,0.5,1,0.023,0.9425,0.046,0.3448,2.3563,0.4023,1147,236,8,1.6,0.5287,0.5287,0.5287,135,81,1132,213,45,43,492,202,2319,319,2.2,1.3,18.3,3.5,0.9,0.9,9.9,4,16.1,2.2,0.2414,0.9195,0.2184,0.954,1,3.3333,0.9425,8.9654,12386,2791,637,810,202,146,78,11,15,26,33,0,19,154,86,0,0,23.1,0.6,5.6,1.4,1,0.5,0.1,0.1,0.2,0.2,0,0.2,1.1,0.6,0,0.2,0,0,0,1,0,1,1,0,1,0,2,0,0,0,0,1,0,1,1,3,6
39,Ohio,OH,39123,Ottawa,39123,"Ottawa County, Ohio",0.1494,254.7039689,40557,0,28600,106,18240,377,6407,716,721,153,3311,354,2434,339,1997,395,16.1,1.8,3.7,0.8,18.2,1.9,8,1.1,5,1,0.1494,0.1609,0.3563,0.2644,0.2184,1.1494,0.1034,10277,90,7494,41,6243,435,894,212,86,110,25.3,0.2,18.5,0.1,15.6,1.1,4.9,1.2,0.2,0.3,0.9885,0.0115,0.5057,0.2299,0.1149,1.8505,0.0805,3266,191,8.1,0.5,0.5517,0.5517,0.5517,1274,244,3422,396,138,79,742,193,860,224,4.5,0.9,12,1.4,0.8,0.4,4.1,1,2.1,0.6,0.6552,0.7586,0.1264,0.1379,0.5172,2.1953,0.3333,5.7469,32836,5742,718,499,103,2105,0,99,45,87,54,2,5,442,118,32,32,14.5,0.1,1.2,0.3,5.2,0,0.2,0.1,0.2,0.1,0,0.1,1.1,0.3,0.1,0.1,0,0,0,0,0,0,1,0,0,0,1,0,0,0,0,0,0,0,0,0,1
39,Ohio,OH,39125,Paulding,39125,"Paulding County, Ohio",0.2874,416.4346507,18742,0,8764,62,7692,215,3445,502,396,102,1301,211,1312,179,934,214,18.6,2.7,4.5,1.2,16.9,2.7,10.1,1.4,5,1.1,0.3103,0.3678,0.046,0.5747,0.2184,1.5172,0.1724,3511,41,4412,26,3125,293,468,127,94,82,18.7,0.2,23.5,0.1,16.8,1.5,6.1,1.6,0.5,0.5,0.6207,0.7701,0.7011,0.6437,0.5172,3.2528,0.977,1480,92,7.9,0.5,0.5057,0.5057,0.5057,133,59,637,145,124,57,295,75,98,96,1.5,0.7,7.3,1.7,1.6,0.7,3.8,0.9,0.5,0.5,0.1034,0.6092,0.6667,0.1149,0,1.4942,0.1034,6.7699,14946,3339,490,107,42,905,0,49,22,22,23,10,9,387,73,0,0,17.9,0.1,0.6,0.2,4.8,0,0.3,0.1,0.1,0.1,0.1,0.1,2.1,0.4,0,0.2,0,0,0,0,0,0,0,0,0,0,0,0,0,0,0,0,0,0,0,0,0
39,Ohio,OH,39127,Perry,39127,"Perry County, Ohio",0.6322,407.9337824,36076,0,15361,74,13216,349,8764,978,992,219,2986,378,3111,404,2157,500,24.7,2.7,6.1,1.3,22.6,2.8,12.5,1.6,6,1.4,0.6782,0.8621,0.3103,0.7816,0.5632,3.1954,0.7241,6081,133,8494,58,7190,570,765,211,25,102,16.9,0.4,23.5,0.2,20.1,1.6,5.8,1.6,0.1,0.3,0.2184,0.7701,0.8621,0.5517,0.0345,2.4368,0.4828,1282,220,3.6,0.6,0.046,0.046,0.046,508,168,2539,309,269,104,965,257,344,160,3.3,1.1,16.5,2,2,0.8,7.3,1.9,1,0.4,0.4598,0.8851,0.8621,0.7011,0.0805,2.9886,0.7701,8.6668,27953,6891,956,257,132,319,0,32,33,80,71,22,55,556,141,16,16,19.3,0.1,0.7,0.4,0.9,0,0.1,0.1,0.2,0.2,0.1,0.2,1.5,0.4,0,0.1,0,0,0,0,0,0,0,0,0,0,0,0,0,0,0,0,0,0,0,0,0
39,Ohio,OH,39129,Pickaway,39129,"Pickaway County, Ohio",0.4598,501.2280005,58112,0,21539,198,19808,375,10653,1104,1157,288,4325,509,5276,580,2971,574,19.9,2.1,4.4,1.1,21.8,2.5,13,1.4,5.5,1.1,0.3908,0.3218,0.5057,0.8161,0.3678,2.4022,0.4253,9071,66,12475,116,8616,650,1427,311,221,126,15.6,0.1,21.5,0.2,16,1.2,7.2,1.6,0.4,0.2,0.1149,0.2644,0.5862,0.8391,0.3448,2.1494,0.2414,4435,393,7.6,0.7,0.4598,0.4598,0.4598,271,118,1523,218,383,133,1029,309,4542,525,1.3,0.5,7.1,1,1.9,0.7,5.2,1.6,7.8,0.9,0.0805,0.5862,0.7931,0.3333,0.954,2.7471,0.6207,7.7585,48519,6168,1117,1864,161,862,0,300,172,162,110,0,29,1239,269,8,8,11.5,0.1,3.2,0.3,1.5,0,0.5,0.3,0.3,0.2,0,0.1,2.1,0.5,0,0.1,0,0,0,0,0,0,0,0,0,0,0,0,0,0,0,0,0,0,1,1,1
39,Ohio,OH,39131,Pike,39131,"Pike County, Ohio",0.7011,440.2817909,27914,0,12940,76,11037,353,9048,1018,571,170,2600,400,3113,419,1339,331,33,3.7,5,1.5,23.6,3.5,16.1,2.2,4.8,1.2,0.9655,0.5632,0.2069,0.9425,0.1724,2.8505,0.6207,4901,73,6567,42,6249,510,665,187,13,91,17.6,0.3,23.5,0.2,22.6,1.8,6,1.7,0,0.3,0.3333,0.7701,0.9655,0.5977,0,2.6666,0.6782,1364,390,4.9,1.4,0.1839,0.1839,0.1839,330,105,3352,419,219,131,806,209,453,161,2.6,0.8,25.9,3.3,2,1.2,7.3,1.9,1.6,0.6,0.3218,0.977,0.8621,0.7011,0.3793,3.2413,0.8851,8.9423,27231,5875,885,284,181,229,182,27,38,172,102,88,125,553,198,11,11,21.4,0.1,1,0.6,0.8,0.7,0.1,0.1,0.6,0.4,0.3,0.4,2,0.7,0,0.1,1,0,0,1,0,2,0,0,1,0,1,0,0,0,0,1,0,0,0,1,4
39,Ohio,OH,39133,Portage,39133,"Portage County, Ohio",0.3793,487.4046292,162476,0,69437,191,62785,667,29581,1914,5157,718,16245,921,7924,708,8810,1098,19.1,1.2,5.8,0.8,25.9,1.4,7.5,0.7,5.5,0.7,0.3563,0.7701,0.8506,0.1609,0.3678,2.5057,0.4598,26780,181,30309,62,21273,1112,3282,381,663,221,16.5,0.1,18.7,0,13.2,0.7,5.2,0.6,0.4,0.1,0.1839,0.0345,0.2184,0.2759,0.3448,1.0575,0,18355,1062,11.3,0.7,0.6897,0.6897,0.6897,6243,599,4954,416,571,153,4154,549,7290,436,9,0.9,7.1,0.6,0.9,0.2,6.6,0.9,4.5,0.3,0.8736,0.5862,0.2184,0.5517,0.8276,3.0575,0.8276,7.3104,145241,17749,1644,6794,505,3106,0,3032,262,155,108,23,30,5079,874,166,166,11.4,0,4.2,0.3,1.9,0,1.9,0.2,0.1,0.1,0,0.1,3.1,0.5,0.1,0.1,0,0,0,0,0,0,0,0,0,0,0,0,0,0,0,0,0,0,0,0,0
39,Ohio,OH,39135,Preble,39135,"Preble County, Ohio",0.0575,424.2261505,40995,0,17929,82,16417,250,6407,638,659,128,2912,312,2734,295,2246,429,15.9,1.6,3.2,0.6,17.7,1.9,9.5,1,5.5,1.1,0.1264,0.092,0.2644,0.4368,0.3678,1.2874,0.1494,7848,64,9196,44,6455,528,721,152,66,94,19.1,0.2,22.4,0.1,15.9,1.3,4.4,0.9,0.2,0.2,0.7011,0.4713,0.5402,0.1494,0.1149,1.9769,0.1264,1586,210,3.9,0.5,0.0805,0.0805,0.0805,293,98,570,124,180,97,805,184,437,141,1.6,0.5,3.2,0.7,1.1,0.6,4.9,1.1,1.1,0.3,0.1264,0.2184,0.3563,0.2874,0.1264,1.1149,0.046,4.4597,30341,5131,646,298,117,388,0,109,50,48,49,3,5,737,161,3,3,12.7,0,0.7,0.3,0.9,0,0.3,0.1,0.1,0.1,0,0.1,1.8,0.4,0,0.1,0,0,0,0,0,0,0,0,0,0,0,0,0,0,0,0,0,0,0,0,0
39,Ohio,OH,39137,Putnam,39137,"Putnam County, Ohio",0.0115,482.5439522,33836,0,13954,70,13301,172,4190,570,561,161,1901,255,1369,197,1011,233,12.5,1.7,3.2,0.9,14.3,1.9,6.1,0.9,3,0.7,0.0575,0.092,0.092,0.069,0,0.3105,0,5871,57,8648,27,3247,300,635,162,209,145,17.4,0.2,25.6,0.1,9.7,0.9,4.8,1.2,0.7,0.5,0.2874,0.9655,0.023,0.2069,0.7471,2.2299,0.3218,2678,146,7.9,0.4,0.5057,0.5057,0.5057,145,63,700,138,116,59,375,98,299,168,1,0.5,5,1,0.9,0.4,2.8,0.7,0.9,0.5,0.0345,0.4023,0.2184,0.0345,0.046,0.7357,0,3.7818,27137,3589,485,139,34,2134,0,43,25,3,5,0,26,281,41,78,78,10.7,0.1,0.4,0.1,6.3,0,0.1,0.1,0,0.1,0,0.1,0.8,0.1,0.2,0.4,0,0,0,0,0,0,0,1,0,0,1,0,0,0,0,0,0,0,0,0,1
39,Ohio,OH,39139,Richland,39139,"Richland County, Ohio",0.954,495.2266245,121043,0,54149,168,48967,576,27802,1528,3118,518,12205,875,10283,717,8314,926,24.5,1.3,5.7,0.9,24.9,1.8,12.1,0.8,7.3,0.8,0.6552,0.7471,0.7701,0.7356,0.7701,3.6781,0.8851,23602,111,26271,0,19389,1068,3314,422,383,177,19.5,0.1,21.7,0,16.9,0.9,6.8,0.9,0.3,0.2,0.7816,0.2874,0.7356,0.7701,0.2759,2.8506,0.8276,18155,929,15,0.8,0.8276,0.8276,0.8276,3233,439,2171,310,702,198,4496,498,7047,367,6,0.8,4,0.6,1.4,0.4,9.2,1,5.8,0.3,0.7586,0.2644,0.5172,0.8736,0.8966,3.3104,0.931,10.6667,124373,17337,1376,10348,553,2425,0,901,148,161,57,92,101,3649,598,579,579,15.2,0.1,8.5,0.5,2,0,0.7,0.1,0.1,0.1,0.1,0.1,3,0.5,0.5,0.3,0,0,0,0,0,0,0,0,0,0,0,0,0,0,0,0,0,0,0,0,0
39,Ohio,OH,39141,Ross,39141,"Ross County, Ohio",0.8506,689.1654653,76816,0,32060,183,29080,458,18347,1495,1984,363,6959,611,6065,543,4402,620,25.9,2.1,6,1.1,23.9,2.1,11.1,1,6.2,0.9,0.7586,0.8391,0.6437,0.6667,0.6207,3.5288,0.8506,12773,91,16331,18,14480,732,1916,363,139,147,16.6,0.1,21.3,0,20.4,1,6.6,1.2,0.2,0.2,0.1954,0.2529,0.8966,0.7471,0.1149,2.2069,0.3103,8165,458,10.6,0.6,0.6322,0.6322,0.6322,1261,299,4421,472,393,143,1998,371,5863,403,3.9,0.9,13.8,1.5,1.4,0.5,6.9,1.3,7.6,0.5,0.5517,0.8046,0.5172,0.5862,0.9425,3.4022,0.954,9.7701,72453,9921,1067,4241,288,1015,0,390,61,30,30,15,19,2326,330,148,148,14,0.1,5.5,0.4,1.3,0,0.5,0.1,0,0.1,0,0.1,3,0.4,0.2,0.2,0,0,0,0,0,0,0,0,0,0,0,0,0,0,0,0,0,0,1,1,1
39,Ohio,OH,39143,Sandusky,39143,"Sandusky County, Ohio",0.5057,408.2453443,58801,0,26347,107,23825,362,12088,1138,1322,239,4748,473,3499,393,3335,660,21.1,2,4.5,0.8,19.9,2,8.5,1,5.8,1.1,0.4713,0.3678,0.5287,0.3333,0.5057,2.2068,0.3678,11022,66,13286,191,8858,638,1296,294,320,147,18.7,0.1,22.6,0.3,15.3,1.1,5.4,1.2,0.6,0.3,0.6207,0.5172,0.4598,0.3678,0.6552,2.6207,0.6437,9538,449,16.2,0.8,0.8506,0.8506,0.8506,857,183,1461,248,260,114,1406,240,1352,225,3.3,0.7,5.5,0.9,1.1,0.5,5.9,1,2.3,0.4,0.4598,0.4368,0.3563,0.3793,0.5747,2.2069,0.3448,7.885,56160,8573,926,1522,227,5984,0,234,117,278,62,12,20,1433,236,75,75,14.9,0.1,2.6,0.4,10.2,0,0.4,0.2,0.5,0.1,0,0.1,2.4,0.4,0.1,0.1,0,0,0,0,0,0,0,0,0,0,0,0,0,0,0,0,0,0,0,0,0
39,Ohio,OH,39145,Scioto,39145,"Scioto County, Ohio",0.9425,610.1443384,75441,0,34568,161,29561,595,24883,1693,2038,386,7509,700,7559,652,4144,620,34.6,2.3,6.9,1.3,25.4,2.3,14.3,1.2,5.7,0.9,0.9885,0.931,0.6552,0.8851,0.4713,3.9311,0.977,13707,103,16389,0,16872,764,1567,285,130,106,18.2,0.1,21.7,0,23.2,1,5.3,1,0.2,0.1,0.4943,0.2874,1,0.3333,0.1149,2.2299,0.3218,5160,348,6.8,0.5,0.3678,0.3678,0.3678,1896,291,4781,443,578,205,2294,314,3614,372,5.5,0.8,13.8,1.3,2,0.7,7.8,1.1,4.8,0.5,0.7011,0.8046,0.8621,0.7701,0.8391,3.977,0.9885,10.5058,73086,13324,1243,2190,177,1082,0,330,40,164,116,6,12,1307,241,81,81,18.6,0.1,2.9,0.2,1.4,0,0.4,0.1,0.2,0.2,0,0.1,1.7,0.3,0.1,0.1,1,1,0,0,0,2,0,0,1,0,1,0,0,0,0,0,0,0,0,0,3
39,Ohio,OH,39147,Seneca,39147,"Seneca County, Ohio",0.3103,551.0261365,55251,0,24157,143,21759,346,11499,953,1155,219,4142,400,2956,322,2925,513,22.1,1.8,4.2,0.8,19,1.8,7.9,0.9,5.4,0.9,0.5287,0.2759,0.4828,0.2299,0.3103,1.8276,0.2759,9858,94,12051,44,7932,579,1346,216,221,157,17.8,0.2,21.8,0.1,14.6,1.1,6.2,1,0.4,0.3,0.3908,0.3103,0.4023,0.6897,0.3448,2.1379,0.2299,5903,306,10.7,0.6,0.6552,0.6552,0.6552,833,163,1021,194,143,83,1382,295,3164,346,3.4,0.7,4.2,0.8,0.7,0.4,6.4,1.4,5.7,0.6,0.4943,0.2989,0.0575,0.4828,0.8851,2.2186,0.3678,6.8393,48567,7401,1061,1606,183,2928,0,353,72,65,41,0,29,867,209,84,84,14.2,0.1,2.9,0.3,5.3,0,0.6,0.1,0.1,0.1,0,0.1,1.6,0.4,0.2,0.1,0,0,0,0,0,0,0,0,0,0,0,0,0,0,0,0,0,0,0,0,0
39,Ohio,OH,39149,Shelby,39149,"Shelby County, Ohio",0.3218,407.6936883,48610,0,20497,86,18670,335,8875,891,1346,304,3440,396,3388,379,2215,296,18.5,1.9,5.2,1.2,18.4,2.1,10.4,1.2,4.6,0.6,0.2989,0.6437,0.3908,0.6207,0.1379,2.092,0.3563,8078,117,12113,35,6794,590,1055,187,251,160,16.6,0.2,24.9,0.1,14.1,1.2,5.7,1,0.6,0.4,0.1954,0.954,0.3448,0.5287,0.6552,2.6781,0.6897,3697,395,7.6,0.8,0.4598,0.4598,0.4598,851,186,839,186,413,127,687,154,476,202,4.2,0.9,4.1,0.9,2.2,0.7,3.7,0.8,1,0.4,0.5977,0.2759,0.9425,0.1034,0.0805,2,0.2644,7.2299,52954,5046,770,1152,201,759,0,423,132,84,77,0,26,1132,229,147,147,10.5,0,2.4,0.4,1.6,0,0.9,0.3,0.2,0.2,0,0.1,2.3,0.5,0.3,0.4,0,0,0,0,0,0,0,1,0,0,1,0,0,0,0,0,1,0,0,1,2
39,Ohio,OH,39151,Stark,39151,"Stark County, Ohio",0.5747,575.2649575,371516,0,166995,263,154322,864,78522,2783,9618,827,35289,1399,20581,1163,20574,1535,21.7,0.8,5.1,0.4,22.9,0.9,7.9,0.4,5.6,0.4,0.5057,0.5977,0.931,0.2299,0.4368,2.7011,0.5517,72224,0,79829,0,48810,1466,10565,791,1534,328,19.4,0,21.5,0,13.3,0.4,6.8,0.5,0.4,0.1,0.7471,0.2644,0.2414,0.7701,0.3448,2.3678,0.4253,52176,1621,14,0.4,0.7931,0.7931,0.7931,10256,745,2998,293,1394,267,10805,701,8998,748,6.1,0.4,1.8,0.2,0.9,0.2,7,0.5,2.4,0.2,0.7816,0.1149,0.2184,0.6207,0.6322,2.3678,0.4368,8.2298,368668,41914,2311,27273,1059,7934,0,3253,243,386,163,12,21,12387,1085,931,931,11.6,0,7.3,0.3,2.1,0,0.9,0.1,0.1,0.1,0,0.1,3.3,0.3,0.3,0.1,0,0,1,0,0,1,0,0,0,0,0,0,0,0,0,0,0,0,0,0,1
39,Ohio,OH,39153,Summit,39153,"Summit County, Ohio",0.6897,412.7930471,540810,0,246163,322,226721,1326,111337,3674,16590,1147,57504,1920,30128,1638,30810,1976,21,0.7,5.8,0.4,25.4,0.8,7.9,0.4,5.8,0.4,0.4483,0.7701,0.954,0.2299,0.5057,2.908,0.6437,96986,21,113436,30,72129,2250,16222,1112,8450,1211,17.9,0.1,21,0,13.5,0.4,7.2,0.5,1.7,0.2,0.4138,0.2299,0.2759,0.8391,0.977,2.7357,0.7356,128391,2390,23.7,0.4,0.931,0.931,0.931,26206,1208,1997,341,1850,327,18363,937,9596,641,10.6,0.5,0.8,0.1,0.8,0.1,8.1,0.4,1.8,0.1,0.931,0.0115,0.1264,0.8046,0.4598,2.3333,0.4023,8.908,563881,55619,2862,76916,1387,12164,0,19903,674,750,174,44,28,17493,1608,1121,1121,10.5,0,14.2,0.3,2.2,0,3.7,0.1,0.1,0.1,0,0.1,3.2,0.3,0.2,0.1,0,0,1,0,0,1,0,0,0,0,1,1,1,1,1,0,0,0,0,1,4
39,Ohio,OH,39155,Trumbull,39155,"Trumbull County, Ohio",0.8391,618.1006354,199144,0,95671,331,85917,852,52083,1901,4322,502,20583,1078,15152,845,12310,952,26.7,1,4.8,0.6,24,1.2,10.6,0.6,6.3,0.5,0.8391,0.4598,0.8736,0.6322,0.6322,3.4369,0.8046,42832,146,40842,0,31052,1444,5154,492,649,192,21.5,0.1,20.5,0,15.9,0.7,6,0.6,0.3,0.1,0.9195,0.1379,0.5402,0.5977,0.2759,2.4712,0.5287,26676,1120,13.4,0.6,0.7701,0.7701,0.7701,5245,505,4467,462,1276,267,6497,667,3992,728,5.5,0.5,4.7,0.5,1.5,0.3,7.6,0.8,2,0.4,0.7011,0.3908,0.5747,0.7241,0.4943,2.885,0.6897,9.5632,180991,33723,2154,15979,679,3739,0,1052,197,195,109,175,219,5273,799,263,263,17.3,0.1,8,0.3,1.9,0,0.5,0.1,0.1,0.1,0.1,0.1,2.6,0.4,0.1,0.1,0,0,0,0,0,0,1,0,0,0,1,0,0,0,0,0,0,0,0,0,1
39,Ohio,OH,39157,Tuscarawas,39157,"Tuscarawas County, Ohio",0.7931,567.3885852,92165,0,40247,166,36906,462,20501,1645,2516,485,8259,742,8203,829,7284,1072,22.6,1.8,5.5,1,22.4,2,12.9,1.3,8,1.2,0.5862,0.6782,0.6667,0.8046,0.8276,3.5633,0.8621,17999,128,21180,70,13521,857,1547,293,789,288,19.5,0.1,23,0.1,14.8,0.9,4.2,0.8,0.9,0.3,0.7816,0.6092,0.4368,0.092,0.8506,2.7702,0.7816,5420,245,5.9,0.3,0.3103,0.3103,0.3103,1133,231,3705,472,693,231,2618,332,1102,265,2.8,0.6,9.2,1.2,1.9,0.6,7.1,0.9,1.2,0.3,0.3563,0.7011,0.7931,0.6552,0.2299,2.7356,0.6092,9.3794,89709,16572,1359,474,95,2806,0,360,114,77,72,0,29,1651,165,52,52,18.2,0.1,0.5,0.1,3,0,0.4,0.1,0.1,0.1,0,0.1,1.8,0.2,0.1,0.1,0,0,0,0,0,0,0,0,0,0,0,0,0,0,0,0,0,0,0,0,0
39,Ohio,OH,39159,Union,39159,"Union County, Ohio",0.0345,431.7588086,57871,0,21778,104,20695,241,5454,847,846,235,3372,462,2251,293,2227,423,10,1.6,2.8,0.8,16.3,2.2,5.7,0.8,4.1,0.8,0.023,0.0575,0.3678,0.0345,0.0805,0.5633,0.023,7069,87,14305,89,5684,609,1002,242,150,124,12.2,0.2,24.7,0.2,10.4,1.1,4.8,1.2,0.3,0.2,0.0115,0.9425,0.0345,0.2069,0.2759,1.4713,0.069,6423,446,11.1,0.8,0.6782,0.6782,0.6782,626,184,894,258,142,84,562,144,3134,261,2.9,0.8,4.1,1.2,0.7,0.4,2.7,0.7,5.4,0.5,0.3678,0.2759,0.0575,0.0115,0.8736,1.5863,0.1379,4.2991,66415,3498,668,1403,160,1071,0,2419,207,134,79,37,54,1276,327,83,83,6.4,0,2.4,0.3,1.9,0,4.2,0.4,0.2,0.1,0.1,0.1,2.2,0.6,0.1,0.1,0,0,0,0,0,0,0,1,0,0,1,0,0,0,0,0,0,0,0,0,1
39,Ohio,OH,39161,Van Wert,39161,"Van Wert County, Ohio",0.0805,409.1495307,28213,0,12724,71,11640,187,4892,530,737,208,2035,243,1515,228,1044,258,17.6,1.9,5.1,1.4,17.5,2.1,7.8,1.2,3.7,0.9,0.2529,0.5977,0.1264,0.1954,0.046,1.2184,0.1149,5302,36,6606,31,4013,326,633,138,161,128,18.8,0.1,23.4,0.1,14.4,1.2,5.4,1.2,0.6,0.5,0.6667,0.7471,0.3908,0.3678,0.6552,2.8276,0.8161,1835,109,6.5,0.4,0.3448,0.3448,0.3448,236,75,645,128,72,45,479,111,309,78,1.9,0.6,5.1,1,0.6,0.4,4.1,1,1.1,0.3,0.1609,0.4138,0.023,0.1379,0.1264,0.862,0.0115,5.2528,25193,4274,590,262,61,1016,0,78,34,6,14,0,23,466,81,7,7,15.3,0,0.9,0.2,3.6,0,0.3,0.1,0,0.1,0,0.1,1.7,0.3,0,0.1,0,0,0,0,0,0,0,0,0,0,0,0,0,0,0,0,0,0,0,0,0
39,Ohio,OH,39163,Vinton,39163,"Vinton County, Ohio",0.5517,412.3600897,13045,0,6272,42,5221,216,4138,539,337,140,1106,216,1935,238,1020,256,32,4.2,5.8,2.3,21.2,4,21.1,2.6,7.9,2,0.931,0.7701,0.023,0.9885,0.8046,3.5172,0.8391,2283,11,2907,65,2665,306,285,114,28,81,17.5,0.1,22.3,0.5,20.6,2.4,5.5,2.2,0.2,0.7,0.2989,0.4253,0.9195,0.4368,0.1149,2.1954,0.2759,460,195,3.5,1.5,0.023,0.023,0.023,70,34,1935,254,102,91,340,130,103,62,1.1,0.5,30.9,4,2,1.7,6.5,2.4,0.8,0.5,0.046,1,0.8621,0.5172,0.0115,2.4368,0.4598,8.1724,9939,3207,539,8,10,177,146,31,49,11,21,0,19,233,117,0,0,24.8,0.1,0.1,0.1,1.4,1.1,0.2,0.4,0.1,0.2,0,0.3,1.8,0.9,0,0.3,1,0,0,1,0,2,0,0,1,0,1,0,0,0,0,1,0,0,0,1,4
39,Ohio,OH,39165,Warren,39165,"Warren County, Ohio",0.1034,401.4268868,232540,0,88418,357,84127,613,21155,2146,4062,759,15279,1094,9309,697,8190,922,9.4,1,3.4,0.6,18.2,1.3,5.9,0.4,3.6,0.4,0.0115,0.1494,0.8391,0.046,0.0115,1.0575,0.092,33578,107,57263,0,23484,1520,3886,459,1675,423,14.4,0.1,24.6,0,10.4,0.7,4.6,0.5,0.8,0.2,0.0575,0.931,0.0345,0.1609,0.8161,2,0.1379,33938,797,14.6,0.3,0.8046,0.8046,0.8046,5309,598,1009,306,692,215,2190,370,7566,898,6,0.7,1.1,0.3,0.8,0.3,2.6,0.4,3.3,0.4,0.7586,0.0575,0.1264,0,0.7356,1.6781,0.1724,5.5402,222215,11689,1747,8068,339,6771,0,14179,375,157,96,0,29,4426,553,337,337,5.2,0,3.5,0.1,2.9,0,6.1,0.2,0.1,0.1,0,0.1,1.9,0.2,0.1,0.1,0,0,0,0,0,0,0,1,0,0,1,0,0,0,0,0,0,0,0,0,1
39,Ohio,OH,39167,Washington,39167,"Washington County, Ohio",0.5287,631.9737714,60217,0,28247,126,24803,430,13119,1054,1302,269,5273,480,4075,446,4215,595,22.5,1.8,4.6,0.9,21.3,1.9,9.4,1,7.1,1,0.5632,0.4253,0.5517,0.4138,0.7471,2.7011,0.5517,12583,97,11854,52,11506,713,1278,214,92,126,20.9,0.2,19.7,0.1,19.3,1.2,5.2,0.9,0.2,0.2,0.8851,0.069,0.8391,0.2759,0.1149,2.184,0.2644,3042,349,5.1,0.6,0.2299,0.2299,0.2299,1178,202,3228,367,338,143,1345,224,1653,247,4.2,0.7,11.4,1.3,1.4,0.6,5.4,0.9,2.7,0.4,0.5977,0.7471,0.5172,0.3678,0.6437,2.8735,0.6782,7.9885,60835,10727,1059,753,136,666,0,440,85,237,85,0,29,946,197,0,0,18.3,0.1,1.3,0.2,1.1,0,0.7,0.1,0.4,0.1,0,0.1,1.6,0.3,0,0.1,0,0,0,0,0,0,0,0,0,0,0,0,0,0,0,0,0,0,0,0,0
39,Ohio,OH,39169,Wayne,39169,"Wayne County, Ohio",0.7586,554.7888263,116063,0,46773,203,44238,420,21052,1346,1905,334,8553,578,10100,632,14680,1102,18.8,1.2,3.3,0.6,19.3,1.3,13.2,0.8,12.8,1,0.3333,0.1149,0.7011,0.8276,0.9885,2.9654,0.6782,20628,113,28263,53,14829,728,1643,217,1039,244,17.8,0.1,24.4,0,12.9,0.6,3.7,0.5,1,0.2,0.3908,0.9195,0.1954,0.046,0.8851,2.4368,0.4828,7412,439,6.4,0.4,0.3333,0.3333,0.3333,1487,270,3596,345,830,196,4215,446,4092,471,3.2,0.6,7.7,0.7,1.9,0.4,9.5,1,3.5,0.4,0.4138,0.6322,0.7931,0.9195,0.7471,3.5057,0.9655,9.2412,108346,19769,1453,1432,179,2379,0,1176,188,147,53,17,21,2152,305,109,109,17.7,0.1,1.2,0.2,2,0,1,0.2,0.1,0.1,0,0.1,1.9,0.3,0.1,0.1,0,0,0,0,1,1,0,1,0,0,1,0,0,0,0,0,0,1,0,1,3
39,Ohio,OH,39171,Williams,39171,"Williams County, Ohio",0.1609,420.6596251,36760,0,16652,149,15266,268,6531,742,701,207,2933,310,2197,293,1908,357,18.3,2.1,3.8,1.1,19.2,2,8.6,1.1,5.3,1,0.2874,0.2069,0.2759,0.3563,0.2874,1.4139,0.1609,6918,56,8369,18,6009,549,650,180,140,108,18.8,0.2,22.8,0,16.8,1.5,4.3,1.2,0.4,0.3,0.6667,0.5517,0.7011,0.1034,0.3448,2.3677,0.4138,2793,125,7.6,0.3,0.4598,0.4598,0.4598,399,144,1013,175,92,58,708,177,1007,330,2.4,0.9,6.1,1,0.6,0.4,4.6,1.2,2.7,0.9,0.2874,0.4828,0.023,0.2184,0.6437,1.6553,0.1609,5.8967,35672,4219,643,391,67,1722,0,212,25,72,34,16,21,369,68,11,11,11.8,0.1,1.1,0.2,4.7,0,0.6,0.1,0.2,0.1,0,0.1,1,0.2,0,0.1,0,0,0,0,0,0,0,0,0,0,0,0,0,0,0,0,0,0,0,0,0
39,Ohio,OH,39173,Wood,39173,"Wood County, Ohio",0.2299,617.1616515,130662,0,54034,178,50645,464,25005,1567,3578,532,11381,752,4135,461,5803,723,20.1,1.3,4.9,0.7,22.5,1.5,5.1,0.6,4.5,0.6,0.4253,0.5172,0.7471,0.0115,0.1264,1.8275,0.2644,19874,82,26555,0,15753,928,2746,417,606,242,15.2,0.1,20.3,0,12.2,0.7,5.4,0.8,0.5,0.2,0.0805,0.1034,0.1609,0.3678,0.5172,1.2298,0.023,15996,649,12.2,0.5,0.7471,0.7471,0.7471,6177,584,3648,379,311,132,2362,295,6480,433,11.4,1.1,6.8,0.7,0.6,0.3,4.7,0.6,5,0.3,0.9425,0.5747,0.023,0.2414,0.8506,2.6322,0.5632,6.4366,139293,10999,1191,3076,319,7518,0,2144,225,205,75,79,101,2863,458,111,111,8.9,0,2.4,0.2,5.8,0,1.6,0.2,0.2,0.1,0.1,0.1,2.2,0.4,0.1,0.1,0,0,0,0,0,0,0,0,0,0,0,0,0,0,1,0,0,0,0,1,1
39,Ohio,OH,39175,Wyandot,39175,"Wyandot County, Ohio",0.092,406.879015,21907,0,9963,66,9100,229,3739,452,378,112,1547,230,1113,171,842,242,17.3,2.1,3.3,1,17,2.5,7.3,1.1,3.9,1.1,0.2184,0.1149,0.069,0.1264,0.069,0.5977,0.0345,4221,56,4852,92,3016,289,566,143,122,110,19.3,0.3,22.1,0.4,13.9,1.3,6.2,1.6,0.6,0.5,0.7241,0.3793,0.3333,0.6897,0.6552,2.7816,0.8046,1129,119,5.2,0.5,0.2529,0.2529,0.2529,440,159,554,154,75,46,537,170,284,142,4.4,1.6,5.6,1.5,0.8,0.5,5.9,1.8,1.3,0.6,0.6207,0.4713,0.1264,0.3793,0.2874,1.8851,0.2184,5.5173,17914,2572,391,24,21,660,0,214,75,0,23,0,23,231,84,0,0,11.9,0.1,0.1,0.1,3,0,1,0.3,0,0.2,0,0.2,1.1,0.4,0,0.2,0,0,0,0,0,0,0,0,0,0,0,0,0,0,0,0,0,0,0,0,0
